	Timestamp	Date	bitrate	IX	type
0	1498348800	2017-06-25	317665230958.8	peering.cz	avg
1	1498435200	2017-06-26	361692867791.52	peering.cz	avg
2	1498521600	2017-06-27	328186962096.48	peering.cz	avg
3	1498608000	2017-06-28	329210916114.24	peering.cz	avg
4	1498694400	2017-06-29	327427736695.92	peering.cz	avg
5	1498780800	2017-06-30	350755646524.56	peering.cz	avg
6	1498867200	2017-07-01	332088356196.0	peering.cz	avg
7	1498953600	2017-07-02	341095550272.56	peering.cz	avg
8	1499040000	2017-07-03	372505825775.52	peering.cz	avg
9	1499126400	2017-07-04	328075489099.44	peering.cz	avg
10	1499212800	2017-07-05	321129610974.72003	peering.cz	avg
11	1499299200	2017-07-06	317479134574.08	peering.cz	avg
12	1499385600	2017-07-07	319836495085.2	peering.cz	avg
13	1499472000	2017-07-08	326206006579.44	peering.cz	avg
14	1499558400	2017-07-09	318524355444.96	peering.cz	avg
15	1499644800	2017-07-10	346094260151.76	peering.cz	avg
16	1499731200	2017-07-11	333817692490.8	peering.cz	avg
17	1499817600	2017-07-12	341158176342.72003	peering.cz	avg
18	1499904000	2017-07-13	337581056771.28	peering.cz	avg
19	1499990400	2017-07-14	338604184821.6	peering.cz	avg
20	1500076800	2017-07-15	339033453922.8	peering.cz	avg
21	1500163200	2017-07-16	353288127249.36	peering.cz	avg
22	1500249600	2017-07-17	369911236426.56	peering.cz	avg
23	1500336000	2017-07-18	347400001699.2	peering.cz	avg
24	1500422400	2017-07-19	328783380319.44	peering.cz	avg
25	1500508800	2017-07-20	324214081562.16003	peering.cz	avg
26	1500595200	2017-07-21	328503907153.44	peering.cz	avg
27	1500681600	2017-07-22	332984224170.72003	peering.cz	avg
28	1500768000	2017-07-23	331246934911.44	peering.cz	avg
29	1500854400	2017-07-24	373664906969.76	peering.cz	avg
30	1500940800	2017-07-25	360659615927.04	peering.cz	avg
31	1501027200	2017-07-26	343538892879.12	peering.cz	avg
32	1501113600	2017-07-27	340428295069.2	peering.cz	avg
33	1501200000	2017-07-28	338413361960.88	peering.cz	avg
34	1501286400	2017-07-29	335272560323.04	peering.cz	avg
35	1501372800	2017-07-30	306931165992.72003	peering.cz	avg
36	1501459200	2017-07-31	335332195891.92	peering.cz	avg
37	1501545600	2017-08-01	321781949522.64	peering.cz	avg
38	1501632000	2017-08-02	309022344105.12	peering.cz	avg
39	1501718400	2017-08-03	322765547011.92	peering.cz	avg
40	1501804800	2017-08-04	334940143538.88	peering.cz	avg
41	1501891200	2017-08-05	329926209437.52	peering.cz	avg
42	1501977600	2017-08-06	314261172392.4	peering.cz	avg
43	1502064000	2017-08-07	377408021418.72003	peering.cz	avg
44	1502150400	2017-08-08	343052238839.04	peering.cz	avg
45	1502236800	2017-08-09	331450724669.04	peering.cz	avg
46	1502323200	2017-08-10	329434778541.6	peering.cz	avg
47	1502409600	2017-08-11	328111686830.88	peering.cz	avg
48	1502496000	2017-08-12	343873409459.76	peering.cz	avg
49	1502582400	2017-08-13	337310361900.72003	peering.cz	avg
50	1502668800	2017-08-14	361544251633.2	peering.cz	avg
51	1502755200	2017-08-15	336252376105.2	peering.cz	avg
52	1502841600	2017-08-16	324661013130.24	peering.cz	avg
53	1502928000	2017-08-17	331714199322.72003	peering.cz	avg
54	1503014400	2017-08-18	323564908743.36	peering.cz	avg
55	1503100800	2017-08-19	309606502915.44	peering.cz	avg
56	1503187200	2017-08-20	339814372483.44	peering.cz	avg
57	1503273600	2017-08-21	374771340582.48	peering.cz	avg
58	1503360000	2017-08-22	345262382701.2	peering.cz	avg
59	1503446400	2017-08-23	339357372866.64	peering.cz	avg
60	1503532800	2017-08-24	355389473203.2	peering.cz	avg
61	1503619200	2017-08-25	354555910402.56	peering.cz	avg
62	1503705600	2017-08-26	349567487814.96	peering.cz	avg
63	1503792000	2017-08-27	314648943989.04	peering.cz	avg
64	1503878400	2017-08-28	362748765712.32	peering.cz	avg
65	1503964800	2017-08-29	367429331345.04	peering.cz	avg
66	1504051200	2017-08-30	370855441495.44	peering.cz	avg
67	1504137600	2017-08-31	362465356554.0	peering.cz	avg
68	1504224000	2017-09-01	366818959705.68	peering.cz	avg
69	1504310400	2017-09-02	398063565095.04	peering.cz	avg
70	1504396800	2017-09-03	390751324443.36	peering.cz	avg
71	1504483200	2017-09-04	428165303312.16003	peering.cz	avg
72	1504569600	2017-09-05	347516695239.84	peering.cz	avg
73	1504656000	2017-09-06	315651292448.4	peering.cz	avg
74	1504742400	2017-09-07	339865593297.12	peering.cz	avg
75	1504828800	2017-09-08	339693785925.12	peering.cz	avg
76	1504915200	2017-09-09	335866027445.28	peering.cz	avg
77	1505001600	2017-09-10	365678620166.88	peering.cz	avg
78	1505088000	2017-09-11	418134037726.08	peering.cz	avg
79	1505174400	2017-09-12	341203631320.8	peering.cz	avg
80	1505260800	2017-09-13	336150261273.6	peering.cz	avg
81	1505347200	2017-09-14	350958180078.72003	peering.cz	avg
82	1505433600	2017-09-15	356563826673.84	peering.cz	avg
83	1505520000	2017-09-16	364817481197.04	peering.cz	avg
84	1505606400	2017-09-17	417829331946.96	peering.cz	avg
85	1505692800	2017-09-18	434146061598.48	peering.cz	avg
86	1505779200	2017-09-19	346811182007.04	peering.cz	avg
87	1505865600	2017-09-20	360746962549.92	peering.cz	avg
88	1505952000	2017-09-21	352477269097.92	peering.cz	avg
89	1506038400	2017-09-22	358866662317.92	peering.cz	avg
90	1506124800	2017-09-23	369528414808.32	peering.cz	avg
91	1506211200	2017-09-24	434352833411.76	peering.cz	avg
92	1506297600	2017-09-25	438770441188.08	peering.cz	avg
93	1506384000	2017-09-26	351148590610.56	peering.cz	avg
94	1506470400	2017-09-27	353030130105.84	peering.cz	avg
95	1506556800	2017-09-28	343746820735.92	peering.cz	avg
96	1506643200	2017-09-29	393392570652.72003	peering.cz	avg
97	1506729600	2017-09-30	382788365513.76	peering.cz	avg
98	1506816000	2017-10-01	384966629255.52	peering.cz	avg
99	1506902400	2017-10-02	412151788056.96	peering.cz	avg
100	1506988800	2017-10-03	341117779569.12	peering.cz	avg
101	1507075200	2017-10-04	365116350075.12	peering.cz	avg
102	1507161600	2017-10-05	347443095764.88	peering.cz	avg
103	1507248000	2017-10-06	365886196845.84	peering.cz	avg
104	1507334400	2017-10-07	367964041669.2	peering.cz	avg
105	1507420800	2017-10-08	415352211677.28	peering.cz	avg
106	1507507200	2017-10-09	443299344138.72003	peering.cz	avg
107	1507593600	2017-10-10	350323643105.28	peering.cz	avg
108	1507680000	2017-10-11	370968427564.56	peering.cz	avg
109	1507766400	2017-10-12	377241297184.08	peering.cz	avg
110	1507852800	2017-10-13	369114942051.36	peering.cz	avg
111	1507939200	2017-10-14	380465599514.4	peering.cz	avg
112	1508025600	2017-10-15	414175185590.4	peering.cz	avg
113	1508112000	2017-10-16	425203933905.36	peering.cz	avg
114	1508198400	2017-10-17	348958315977.12	peering.cz	avg
115	1508284800	2017-10-18	354730876318.8	peering.cz	avg
116	1508371200	2017-10-19	372168641743.92	peering.cz	avg
117	1508457600	2017-10-20	372953399833.44	peering.cz	avg
118	1508544000	2017-10-21	388911323052.72003	peering.cz	avg
119	1508630400	2017-10-22	447211732548.96	peering.cz	avg
120	1508716800	2017-10-23	475917209400.24	peering.cz	avg
121	1508803200	2017-10-24	383257570050.72003	peering.cz	avg
122	1508889600	2017-10-25	371919480852.24	peering.cz	avg
123	1508976000	2017-10-26	376824701868.48	peering.cz	avg
124	1509062400	2017-10-27	407056791177.36	peering.cz	avg
125	1509148800	2017-10-28	438952234453.92	peering.cz	avg
126	1509235200	2017-10-29	472033683289.44	peering.cz	avg
127	1509321600	2017-10-30	456753097949.04	peering.cz	avg
128	1509408000	2017-10-31	386123733738.72003	peering.cz	avg
129	1509494400	2017-11-01	385563795330.24	peering.cz	avg
130	1509580800	2017-11-02	406398019260.96	peering.cz	avg
131	1509667200	2017-11-03	376360865036.64	peering.cz	avg
132	1509753600	2017-11-04	394411042154.16003	peering.cz	avg
133	1509840000	2017-11-05	445381692351.84	peering.cz	avg
134	1509926400	2017-11-06	464873773587.12	peering.cz	avg
135	1510012800	2017-11-07	375740416364.4	peering.cz	avg
136	1510099200	2017-11-08	377104009794.48	peering.cz	avg
137	1510185600	2017-11-09	385806275495.28	peering.cz	avg
138	1510272000	2017-11-10	383464651083.12	peering.cz	avg
139	1510358400	2017-11-11	400467155718.96	peering.cz	avg
140	1510444800	2017-11-12	453358238538.24	peering.cz	avg
141	1510531200	2017-11-13	473085647604.72003	peering.cz	avg
142	1510617600	2017-11-14	388494863576.64	peering.cz	avg
143	1510704000	2017-11-15	413389518338.16003	peering.cz	avg
144	1510790400	2017-11-16	411239997115.2	peering.cz	avg
145	1510876800	2017-11-17	420469824747.60004	peering.cz	avg
146	1510963200	2017-11-18	499465061918.64	peering.cz	avg
147	1511049600	2017-11-19	491296748531.04004	peering.cz	avg
148	1511136000	2017-11-20	510405125313.60004	peering.cz	avg
149	1511222400	2017-11-21	414459937378.8	peering.cz	avg
150	1511308800	2017-11-22	415745433880.56	peering.cz	avg
151	1511395200	2017-11-23	408682474158.24	peering.cz	avg
152	1511481600	2017-11-24	411082985883.60004	peering.cz	avg
153	1511568000	2017-11-25	419067120062.16003	peering.cz	avg
154	1511654400	2017-11-26	484235947993.68	peering.cz	avg
155	1511740800	2017-11-27	499153848829.2	peering.cz	avg
156	1511827200	2017-11-28	410919003898.56	peering.cz	avg
157	1511913600	2017-11-29	410032083498.48	peering.cz	avg
158	1512000000	2017-11-30	403050165721.92	peering.cz	avg
159	1512086400	2017-12-01	429141735897.12	peering.cz	avg
160	1512172800	2017-12-02	427652735062.32	peering.cz	avg
161	1512259200	2017-12-03	484522324311.60004	peering.cz	avg
162	1512345600	2017-12-04	494963623581.84	peering.cz	avg
163	1512432000	2017-12-05	410312722145.04	peering.cz	avg
164	1512518400	2017-12-06	411421016923.2	peering.cz	avg
165	1512604800	2017-12-07	432170783079.12	peering.cz	avg
166	1512691200	2017-12-08	419333003143.92	peering.cz	avg
167	1512777600	2017-12-09	460804787669.52	peering.cz	avg
168	1512864000	2017-12-10	523381797743.04004	peering.cz	avg
169	1512950400	2017-12-11	523828962030.24	peering.cz	avg
170	1513036800	2017-12-12	440191550035.44	peering.cz	avg
171	1513123200	2017-12-13	448637875463.52	peering.cz	avg
172	1513209600	2017-12-14	444132294156.0	peering.cz	avg
173	1513296000	2017-12-15	442722592866.24	peering.cz	avg
174	1513382400	2017-12-16	442448727235.92	peering.cz	avg
175	1513468800	2017-12-17	488648466439.2	peering.cz	avg
176	1513555200	2017-12-18	506465753113.44	peering.cz	avg
177	1513641600	2017-12-19	438595757905.68	peering.cz	avg
178	1513728000	2017-12-20	449020549344.96	peering.cz	avg
179	1513814400	2017-12-21	456164803438.56	peering.cz	avg
180	1513900800	2017-12-22	484917716862.72003	peering.cz	avg
181	1513987200	2017-12-23	485526502381.68	peering.cz	avg
182	1514073600	2017-12-24	520907582196.72003	peering.cz	avg
183	1514160000	2017-12-25	494662003139.52	peering.cz	avg
184	1514246400	2017-12-26	518883769592.64	peering.cz	avg
185	1514332800	2017-12-27	519107312188.8	peering.cz	avg
186	1514419200	2017-12-28	513179349734.88	peering.cz	avg
187	1514505600	2017-12-29	522296891462.88	peering.cz	avg
188	1514592000	2017-12-30	502681771519.92	peering.cz	avg
189	1514678400	2017-12-31	509087552741.28	peering.cz	avg
190	1514764800	2018-01-01	474439591239.12	peering.cz	avg
191	1514851200	2018-01-02	527940128432.16003	peering.cz	avg
192	1514937600	2018-01-03	513892249061.04004	peering.cz	avg
193	1515024000	2018-01-04	481456863203.04	peering.cz	avg
194	1515110400	2018-01-05	459906208498.08	peering.cz	avg
195	1515196800	2018-01-06	464515036910.64	peering.cz	avg
196	1515283200	2018-01-07	515315418524.64	peering.cz	avg
197	1515369600	2018-01-08	525239043873.84	peering.cz	avg
198	1515456000	2018-01-09	437071792005.36	peering.cz	avg
199	1515542400	2018-01-10	439926802972.56	peering.cz	avg
200	1515628800	2018-01-11	448214586104.16003	peering.cz	avg
201	1515715200	2018-01-12	452153379217.68	peering.cz	avg
202	1515801600	2018-01-13	463683954240.0	peering.cz	avg
203	1515888000	2018-01-14	524755554216.48	peering.cz	avg
204	1515974400	2018-01-15	531384130451.52	peering.cz	avg
205	1516060800	2018-01-16	445711070090.88	peering.cz	avg
206	1516147200	2018-01-17	451476810537.12	peering.cz	avg
207	1516233600	2018-01-18	442131800049.36	peering.cz	avg
208	1516320000	2018-01-19	449282708871.84	peering.cz	avg
209	1516406400	2018-01-20	482262998954.4	peering.cz	avg
210	1516492800	2018-01-21	539444029569.12	peering.cz	avg
211	1516579200	2018-01-22	552647679469.2	peering.cz	avg
212	1516665600	2018-01-23	460880062678.08	peering.cz	avg
213	1516752000	2018-01-24	469343717718.48	peering.cz	avg
214	1516838400	2018-01-25	476218857492.72003	peering.cz	avg
215	1516924800	2018-01-26	483779051694.72003	peering.cz	avg
216	1517011200	2018-01-27	503729649327.60004	peering.cz	avg
217	1517097600	2018-01-28	571104750967.92	peering.cz	avg
218	1517184000	2018-01-29	590837911120.8	peering.cz	avg
219	1517270400	2018-01-30	488837450374.56	peering.cz	avg
220	1517356800	2018-01-31	500383168100.64	peering.cz	avg
221	1517443200	2018-02-01	498094020828.0	peering.cz	avg
222	1517529600	2018-02-02	537775214639.76	peering.cz	avg
223	1517616000	2018-02-03	564123644372.88	peering.cz	avg
224	1517702400	2018-02-04	588167219804.4	peering.cz	avg
225	1517788800	2018-02-05	606275529455.52	peering.cz	avg
226	1517875200	2018-02-06	508615003893.60004	peering.cz	avg
227	1517961600	2018-02-07	509295179946.96	peering.cz	avg
228	1518048000	2018-02-08	518254263320.4	peering.cz	avg
229	1518134400	2018-02-09	520052758112.16003	peering.cz	avg
230	1518220800	2018-02-10	521505703578.96	peering.cz	avg
231	1518307200	2018-02-11	578065928150.16	peering.cz	avg
232	1518393600	2018-02-12	584923240499.04	peering.cz	avg
233	1518480000	2018-02-13	495776756574.0	peering.cz	avg
234	1518566400	2018-02-14	518592974867.28	peering.cz	avg
235	1518652800	2018-02-15	514811825756.64	peering.cz	avg
236	1518739200	2018-02-16	508109774209.2	peering.cz	avg
237	1518825600	2018-02-17	535563373615.92	peering.cz	avg
238	1518912000	2018-02-18	578163641844.96	peering.cz	avg
239	1518998400	2018-02-19	595804287681.36	peering.cz	avg
240	1519084800	2018-02-20	504178238424.24	peering.cz	avg
241	1519171200	2018-02-21	507469626738.0	peering.cz	avg
242	1519257600	2018-02-22	509436735253.2	peering.cz	avg
243	1519344000	2018-02-23	530051319752.4	peering.cz	avg
244	1519430400	2018-02-24	543181025976.48	peering.cz	avg
245	1519516800	2018-02-25	593881630464.24	peering.cz	avg
246	1519603200	2018-02-26	615684163646.88	peering.cz	avg
247	1519689600	2018-02-27	519210014968.8	peering.cz	avg
248	1519776000	2018-02-28	525104577645.12	peering.cz	avg
249	1519862400	2018-03-01	516765801877.92	peering.cz	avg
250	1519948800	2018-03-02	539311352216.4	peering.cz	avg
251	1520035200	2018-03-03	560410531167.6	peering.cz	avg
252	1520121600	2018-03-04	607248410065.92	peering.cz	avg
253	1520208000	2018-03-05	610549011819.36	peering.cz	avg
254	1520294400	2018-03-06	508581632635.2	peering.cz	avg
255	1520380800	2018-03-07	518108004745.2	peering.cz	avg
256	1520467200	2018-03-08	510204205248.48	peering.cz	avg
257	1520553600	2018-03-09	525187466349.84	peering.cz	avg
258	1520640000	2018-03-10	540693895822.56	peering.cz	avg
259	1520726400	2018-03-11	578697176823.12	peering.cz	avg
260	1520812800	2018-03-12	576461565902.88	peering.cz	avg
261	1520899200	2018-03-13	511056571944.96	peering.cz	avg
262	1520985600	2018-03-14	525836291075.28	peering.cz	avg
263	1521072000	2018-03-15	545707011190.32	peering.cz	avg
264	1521158400	2018-03-16	519282102718.08	peering.cz	avg
265	1521244800	2018-03-17	552183438570.48	peering.cz	avg
266	1521331200	2018-03-18	616597876464.48	peering.cz	avg
267	1521417600	2018-03-19	621772016119.2	peering.cz	avg
268	1521504000	2018-03-20	498457582328.88	peering.cz	avg
269	1521590400	2018-03-21	516291005178.72003	peering.cz	avg
270	1521676800	2018-03-22	513152334977.76	peering.cz	avg
271	1521763200	2018-03-23	511700034595.68	peering.cz	avg
272	1521849600	2018-03-24	541309339803.60004	peering.cz	avg
273	1521936000	2018-03-25	584606023212.24	peering.cz	avg
274	1522022400	2018-03-26	593124536537.28	peering.cz	avg
275	1522108800	2018-03-27	503496329186.88	peering.cz	avg
276	1522195200	2018-03-28	517194860842.8	peering.cz	avg
277	1522281600	2018-03-29	524731020690.96	peering.cz	avg
278	1522368000	2018-03-30	574663005578.16	peering.cz	avg
279	1522454400	2018-03-31	596870766984.24	peering.cz	avg
280	1522540800	2018-04-01	588643930949.76	peering.cz	avg
281	1522627200	2018-04-02	600339322394.64	peering.cz	avg
282	1522713600	2018-04-03	574409483048.16	peering.cz	avg
283	1522800000	2018-04-04	511087925855.52	peering.cz	avg
284	1522886400	2018-04-05	498269186488.8	peering.cz	avg
285	1522972800	2018-04-06	518733132243.12	peering.cz	avg
286	1523059200	2018-04-07	527999842239.12	peering.cz	avg
287	1523145600	2018-04-08	562002476387.76	peering.cz	avg
288	1523232000	2018-04-09	593749016429.04	peering.cz	avg
289	1523318400	2018-04-10	478439178755.76	peering.cz	avg
290	1523404800	2018-04-11	491544380169.36	peering.cz	avg
291	1523491200	2018-04-12	521576444230.56	peering.cz	avg
292	1523577600	2018-04-13	529535575369.44	peering.cz	avg
293	1523664000	2018-04-14	543643565429.52	peering.cz	avg
294	1523750400	2018-04-15	533257978844.88	peering.cz	avg
295	1523836800	2018-04-16	582337269762.48	peering.cz	avg
296	1523923200	2018-04-17	535433924599.92	peering.cz	avg
297	1524009600	2018-04-18	514454130422.64	peering.cz	avg
298	1524096000	2018-04-19	494135098508.16003	peering.cz	avg
299	1524182400	2018-04-20	476046721440.0	peering.cz	avg
300	1524268800	2018-04-21	492309951642.72003	peering.cz	avg
301	1524355200	2018-04-22	527864866006.32	peering.cz	avg
302	1524441600	2018-04-23	573763990307.76	peering.cz	avg
303	1524528000	2018-04-24	510695025943.68	peering.cz	avg
304	1524614400	2018-04-25	516664898451.36	peering.cz	avg
305	1524700800	2018-04-26	515018425965.12	peering.cz	avg
306	1524787200	2018-04-27	549622807485.84	peering.cz	avg
307	1524873600	2018-04-28	514588592734.56	peering.cz	avg
308	1524960000	2018-04-29	534176447184.0	peering.cz	avg
309	1525046400	2018-04-30	569540467266.48	peering.cz	avg
310	1525132800	2018-05-01	526007875422.24	peering.cz	avg
311	1525219200	2018-05-02	610929986470.56	peering.cz	avg
312	1525305600	2018-05-03	527171808368.88	peering.cz	avg
313	1525392000	2018-05-04	548819741697.84	peering.cz	avg
314	1525478400	2018-05-05	539849003065.92	peering.cz	avg
315	1525564800	2018-05-06	562854048598.08	peering.cz	avg
316	1525651200	2018-05-07	590557412903.76	peering.cz	avg
317	1525737600	2018-05-08	538492380058.8	peering.cz	avg
318	1525824000	2018-05-09	626216427916.56	peering.cz	avg
319	1525910400	2018-05-10	584112887516.88	peering.cz	avg
320	1525996800	2018-05-11	567259120080.72	peering.cz	avg
321	1526083200	2018-05-12	559993150643.76	peering.cz	avg
322	1526169600	2018-05-13	577884925514.88	peering.cz	avg
323	1526256000	2018-05-14	615052191088.08	peering.cz	avg
324	1526342400	2018-05-15	558346005153.36	peering.cz	avg
325	1526428800	2018-05-16	582002611687.4401	peering.cz	avg
326	1526515200	2018-05-17	569711729934.0	peering.cz	avg
327	1526601600	2018-05-18	619379149179.6	peering.cz	avg
328	1526688000	2018-05-19	565135981614.72	peering.cz	avg
329	1526774400	2018-05-20	604518090218.64	peering.cz	avg
330	1526860800	2018-05-21	632228419659.6	peering.cz	avg
331	1526947200	2018-05-22	548769810306.96	peering.cz	avg
332	1527033600	2018-05-23	545789762647.92	peering.cz	avg
333	1527120000	2018-05-24	538668861556.32	peering.cz	avg
334	1527206400	2018-05-25	550107971636.4	peering.cz	avg
335	1527292800	2018-05-26	556334724791.52	peering.cz	avg
336	1527379200	2018-05-27	563223244293.36	peering.cz	avg
337	1527465600	2018-05-28	595533556788.48	peering.cz	avg
338	1527552000	2018-05-29	538847167670.64	peering.cz	avg
339	1527638400	2018-05-30	548913946086.72003	peering.cz	avg
340	1527724800	2018-05-31	540030777029.28	peering.cz	avg
341	1527811200	2018-06-01	537295635295.2	peering.cz	avg
342	1527897600	2018-06-02	542778792844.32	peering.cz	avg
343	1527984000	2018-06-03	563349235705.2	peering.cz	avg
344	1528070400	2018-06-04	604810775130.48	peering.cz	avg
345	1528156800	2018-06-05	515629235906.64	peering.cz	avg
346	1528243200	2018-06-06	525451771707.84	peering.cz	avg
347	1528329600	2018-06-07	524554087476.24	peering.cz	avg
348	1528416000	2018-06-08	524582365842.0	peering.cz	avg
349	1528502400	2018-06-09	535215416487.12	peering.cz	avg
350	1528588800	2018-06-10	568815005979.36	peering.cz	avg
351	1528675200	2018-06-11	610440610621.68	peering.cz	avg
352	1528761600	2018-06-12	543718736802.0	peering.cz	avg
353	1528848000	2018-06-13	576145950868.8	peering.cz	avg
354	1528934400	2018-06-14	593503317670.3201	peering.cz	avg
355	1529020800	2018-06-15	571438139228.64	peering.cz	avg
356	1529107200	2018-06-16	550276004828.88	peering.cz	avg
357	1529193600	2018-06-17	570886554669.12	peering.cz	avg
358	1529280000	2018-06-18	618494758444.8	peering.cz	avg
359	1529366400	2018-06-19	553450795710.48	peering.cz	avg
360	1529452800	2018-06-20	540095979643.92	peering.cz	avg
361	1529539200	2018-06-21	536588388927.36	peering.cz	avg
362	1529625600	2018-06-22	537159432651.12	peering.cz	avg
363	1529712000	2018-06-23	608602371656.4	peering.cz	avg
364	1529798400	2018-06-24	618814144843.2	peering.cz	avg
365	1529884800	2018-06-25	654103575981.36	peering.cz	avg
366	1529971200	2018-06-26	570239868479.76	peering.cz	avg
367	1530057600	2018-06-27	567531710804.88	peering.cz	avg
368	1530144000	2018-06-28	580738934919.6	peering.cz	avg
369	1530230400	2018-06-29	600975224740.08	peering.cz	avg
370	1530316800	2018-06-30	559249197066.72	peering.cz	avg
371	1530403200	2018-07-01	569789270028.0	peering.cz	avg
372	1530489600	2018-07-02	601175587028.4	peering.cz	avg
373	1530576000	2018-07-03	545022882326.88	peering.cz	avg
374	1530662400	2018-07-04	529901322371.28	peering.cz	avg
375	1530748800	2018-07-05	521306324125.92	peering.cz	avg
376	1530835200	2018-07-06	545264455642.56	peering.cz	avg
377	1530921600	2018-07-07	548449816278.24	peering.cz	avg
378	1531008000	2018-07-08	522001876728.24	peering.cz	avg
379	1531094400	2018-07-09	583748546425.92	peering.cz	avg
380	1531180800	2018-07-10	543795458040.0	peering.cz	avg
381	1531267200	2018-07-11	568194268749.12	peering.cz	avg
382	1531353600	2018-07-12	586845191382.48	peering.cz	avg
383	1531440000	2018-07-13	584291771591.76	peering.cz	avg
384	1531526400	2018-07-14	540611451711.36	peering.cz	avg
385	1531612800	2018-07-15	539014475459.52	peering.cz	avg
386	1531699200	2018-07-16	576981857947.68	peering.cz	avg
387	1531785600	2018-07-17	546701166108.0	peering.cz	avg
388	1531872000	2018-07-18	568579336003.4401	peering.cz	avg
389	1531958400	2018-07-19	578372848096.3201	peering.cz	avg
390	1532044800	2018-07-20	541511966357.28	peering.cz	avg
391	1532131200	2018-07-21	515794689702.72003	peering.cz	avg
392	1532217600	2018-07-22	521465661581.76	peering.cz	avg
393	1532304000	2018-07-23	588272715911.52	peering.cz	avg
394	1532390400	2018-07-24	523462628744.64	peering.cz	avg
395	1532476800	2018-07-25	525509073133.2	peering.cz	avg
396	1532563200	2018-07-26	519719184182.88	peering.cz	avg
397	1532649600	2018-07-27	522052233483.60004	peering.cz	avg
398	1532736000	2018-07-28	512290818036.72003	peering.cz	avg
399	1532822400	2018-07-29	517228190191.44	peering.cz	avg
400	1532908800	2018-07-30	558072230050.08	peering.cz	avg
401	1532995200	2018-07-31	523717526255.04004	peering.cz	avg
402	1533081600	2018-08-01	527049729338.4	peering.cz	avg
403	1533168000	2018-08-02	531125198380.08	peering.cz	avg
404	1533254400	2018-08-03	524080532145.60004	peering.cz	avg
405	1533340800	2018-08-04	511325800475.76	peering.cz	avg
406	1533427200	2018-08-05	506971241220.96	peering.cz	avg
407	1533513600	2018-08-06	560048929768.08	peering.cz	avg
408	1533600000	2018-08-07	519936424035.84	peering.cz	avg
409	1533686400	2018-08-08	531861683072.4	peering.cz	avg
410	1533772800	2018-08-09	539125268536.8	peering.cz	avg
411	1533859200	2018-08-10	533417659632.72003	peering.cz	avg
412	1533945600	2018-08-11	548669952653.76	peering.cz	avg
413	1534032000	2018-08-12	540258873199.2	peering.cz	avg
414	1534118400	2018-08-13	566711489408.4	peering.cz	avg
415	1534204800	2018-08-14	516595556489.04004	peering.cz	avg
416	1534291200	2018-08-15	506593825778.16003	peering.cz	avg
417	1534377600	2018-08-16	520487764248.24	peering.cz	avg
418	1534464000	2018-08-17	503275317002.64	peering.cz	avg
419	1534550400	2018-08-18	490044015045.36	peering.cz	avg
420	1534636800	2018-08-19	474932658463.92	peering.cz	avg
421	1534723200	2018-08-20	532744796905.92	peering.cz	avg
422	1534809600	2018-08-21	517635709730.64	peering.cz	avg
423	1534896000	2018-08-22	510005070534.24	peering.cz	avg
424	1534982400	2018-08-23	494743018365.36	peering.cz	avg
425	1535068800	2018-08-24	516399473292.48	peering.cz	avg
426	1535155200	2018-08-25	531480264072.48	peering.cz	avg
427	1535241600	2018-08-26	543488577372.0	peering.cz	avg
428	1535328000	2018-08-27	589078135451.52	peering.cz	avg
429	1535414400	2018-08-28	523107429354.72003	peering.cz	avg
430	1535500800	2018-08-29	526452899104.8	peering.cz	avg
431	1535587200	2018-08-30	537378099577.92	peering.cz	avg
432	1535673600	2018-08-31	553334229135.36	peering.cz	avg
433	1535760000	2018-09-01	553586999260.3201	peering.cz	avg
434	1535846400	2018-09-02	604931427784.8	peering.cz	avg
435	1535932800	2018-09-03	617080459382.64	peering.cz	avg
436	1536019200	2018-09-04	528678697266.0	peering.cz	avg
437	1536105600	2018-09-05	514063563271.2	peering.cz	avg
438	1536192000	2018-09-06	492281290825.92	peering.cz	avg
439	1536278400	2018-09-07	500688580519.44	peering.cz	avg
440	1536364800	2018-09-08	514929193464.24	peering.cz	avg
441	1536451200	2018-09-09	560249776784.88	peering.cz	avg
442	1536537600	2018-09-10	579585889110.24	peering.cz	avg
443	1536624000	2018-09-11	497845459537.2	peering.cz	avg
444	1536710400	2018-09-12	509238389198.88	peering.cz	avg
445	1536796800	2018-09-13	520474420824.48	peering.cz	avg
446	1536883200	2018-09-14	521252172848.16003	peering.cz	avg
447	1536969600	2018-09-15	545690010515.76	peering.cz	avg
448	1537056000	2018-09-16	572469089862.96	peering.cz	avg
449	1537142400	2018-09-17	594708192731.52	peering.cz	avg
450	1537228800	2018-09-18	508789885831.2	peering.cz	avg
451	1537315200	2018-09-19	509313610669.68	peering.cz	avg
452	1537401600	2018-09-20	505628876271.60004	peering.cz	avg
453	1537488000	2018-09-21	504137670474.24	peering.cz	avg
454	1537574400	2018-09-22	508729572190.8	peering.cz	avg
455	1537660800	2018-09-23	587051813794.3201	peering.cz	avg
456	1537747200	2018-09-24	622720547110.08	peering.cz	avg
457	1537833600	2018-09-25	516515075465.76	peering.cz	avg
458	1537920000	2018-09-26	510829671292.56	peering.cz	avg
459	1538006400	2018-09-27	502594998830.64	peering.cz	avg
460	1538092800	2018-09-28	537007819002.48	peering.cz	avg
461	1538179200	2018-09-29	577162420261.2	peering.cz	avg
462	1538265600	2018-09-30	583161311728.08	peering.cz	avg
463	1538352000	2018-10-01	597832552389.6	peering.cz	avg
464	1538438400	2018-10-02	516476952235.44	peering.cz	avg
465	1538524800	2018-10-03	537517261486.8	peering.cz	avg
466	1538611200	2018-10-04	536187283686.72003	peering.cz	avg
467	1538697600	2018-10-05	519423252427.44	peering.cz	avg
468	1538784000	2018-10-06	527842948401.36	peering.cz	avg
469	1538870400	2018-10-07	572878693568.16	peering.cz	avg
470	1538956800	2018-10-08	617735454647.04	peering.cz	avg
471	1539043200	2018-10-09	505015698416.4	peering.cz	avg
472	1539129600	2018-10-10	501256282245.84	peering.cz	avg
473	1539216000	2018-10-11	520104262330.8	peering.cz	avg
474	1539302400	2018-10-12	508176301644.72003	peering.cz	avg
475	1539388800	2018-10-13	524766452394.24	peering.cz	avg
476	1539475200	2018-10-14	557767468481.04	peering.cz	avg
477	1539561600	2018-10-15	584524153034.64	peering.cz	avg
478	1539648000	2018-10-16	495686420245.44	peering.cz	avg
479	1539734400	2018-10-17	520925297136.48	peering.cz	avg
480	1539820800	2018-10-18	530083140227.28	peering.cz	avg
481	1539907200	2018-10-19	517531202762.4	peering.cz	avg
482	1539993600	2018-10-20	537409361223.36	peering.cz	avg
483	1540080000	2018-10-21	604405856934.0	peering.cz	avg
484	1540166400	2018-10-22	624044519696.88	peering.cz	avg
485	1540252800	2018-10-23	509931502932.24	peering.cz	avg
486	1540339200	2018-10-24	540110064028.32	peering.cz	avg
487	1540425600	2018-10-25	548859671503.2	peering.cz	avg
488	1540512000	2018-10-26	547008025564.08	peering.cz	avg
489	1540598400	2018-10-27	572746477455.36	peering.cz	avg
490	1540684800	2018-10-28	652381985011.68	peering.cz	avg
491	1540771200	2018-10-29	701149970550.24	peering.cz	avg
492	1540857600	2018-10-30	601663654335.6	peering.cz	avg
493	1540944000	2018-10-31	596732053242.96	peering.cz	avg
494	1541030400	2018-11-01	538608955214.16003	peering.cz	avg
495	1541116800	2018-11-02	574611996247.2	peering.cz	avg
496	1541203200	2018-11-03	581158837911.6	peering.cz	avg
497	1541289600	2018-11-04	661691780015.76	peering.cz	avg
498	1541376000	2018-11-05	664747941502.8	peering.cz	avg
499	1541462400	2018-11-06	545811121068.48	peering.cz	avg
500	1541548800	2018-11-07	550517009155.92	peering.cz	avg
501	1541635200	2018-11-08	560034849435.12	peering.cz	avg
502	1541721600	2018-11-09	565186262335.2	peering.cz	avg
503	1541808000	2018-11-10	584130968775.36	peering.cz	avg
504	1541894400	2018-11-11	658131667373.52	peering.cz	avg
505	1541980800	2018-11-12	685779711824.16	peering.cz	avg
506	1542067200	2018-11-13	569786891967.36	peering.cz	avg
507	1542153600	2018-11-14	574317312017.04	peering.cz	avg
508	1542240000	2018-11-15	605231563686.48	peering.cz	avg
509	1542326400	2018-11-16	581569405369.92	peering.cz	avg
510	1542412800	2018-11-17	599125256586.72	peering.cz	avg
511	1542499200	2018-11-18	674945534796.48	peering.cz	avg
512	1542585600	2018-11-19	701211468055.68	peering.cz	avg
513	1542672000	2018-11-20	584383700368.8	peering.cz	avg
514	1542758400	2018-11-21	580518350474.4	peering.cz	avg
515	1542844800	2018-11-22	584465880561.12	peering.cz	avg
516	1542931200	2018-11-23	587636349535.4401	peering.cz	avg
517	1543017600	2018-11-24	609010228615.68	peering.cz	avg
518	1543104000	2018-11-25	706409634010.3201	peering.cz	avg
519	1543190400	2018-11-26	734504319047.52	peering.cz	avg
520	1543276800	2018-11-27	630470967680.88	peering.cz	avg
521	1543363200	2018-11-28	638786570263.92	peering.cz	avg
522	1543449600	2018-11-29	627168654200.16	peering.cz	avg
523	1543536000	2018-11-30	615173807997.36	peering.cz	avg
524	1543622400	2018-12-01	627531019804.08	peering.cz	avg
525	1543708800	2018-12-02	692295765800.4	peering.cz	avg
526	1543795200	2018-12-03	716710990741.2001	peering.cz	avg
527	1543881600	2018-12-04	606340122248.88	peering.cz	avg
528	1543968000	2018-12-05	608625295401.6	peering.cz	avg
529	1544054400	2018-12-06	598180923915.84	peering.cz	avg
530	1544140800	2018-12-07	629570055063.6	peering.cz	avg
531	1544227200	2018-12-08	653436823340.16	peering.cz	avg
532	1544313600	2018-12-09	704500378430.4	peering.cz	avg
533	1544400000	2018-12-10	722878326236.16	peering.cz	avg
534	1544486400	2018-12-11	611477961882.48	peering.cz	avg
535	1544572800	2018-12-12	631132690440.96	peering.cz	avg
536	1544659200	2018-12-13	648809073466.56	peering.cz	avg
537	1544745600	2018-12-14	639332093024.64	peering.cz	avg
538	1544832000	2018-12-15	655982393973.84	peering.cz	avg
539	1544918400	2018-12-16	718506709415.28	peering.cz	avg
540	1545004800	2018-12-17	726357026905.2001	peering.cz	avg
541	1545091200	2018-12-18	623613675038.4	peering.cz	avg
542	1545177600	2018-12-19	629997134600.16	peering.cz	avg
543	1545264000	2018-12-20	643167832780.08	peering.cz	avg
544	1545350400	2018-12-21	645605692429.68	peering.cz	avg
545	1545436800	2018-12-22	670365597582.0	peering.cz	avg
546	1545523200	2018-12-23	716752649422.08	peering.cz	avg
547	1545609600	2018-12-24	720966195884.16	peering.cz	avg
548	1545696000	2018-12-25	692732327150.88	peering.cz	avg
549	1545782400	2018-12-26	735672379065.12	peering.cz	avg
550	1545868800	2018-12-27	716916011022.72	peering.cz	avg
551	1545955200	2018-12-28	708364750532.4	peering.cz	avg
552	1546041600	2018-12-29	703668584676.96	peering.cz	avg
553	1546128000	2018-12-30	706064027096.16	peering.cz	avg
554	1546214400	2018-12-31	721919216825.28	peering.cz	avg
555	1546300800	2019-01-01	642622355160.48	peering.cz	avg
556	1546387200	2019-01-02	719229050322.48	peering.cz	avg
557	1546473600	2019-01-03	705380167072.08	peering.cz	avg
558	1546560000	2019-01-04	672208633488.96	peering.cz	avg
559	1546646400	2019-01-05	672123417091.2	peering.cz	avg
560	1546732800	2019-01-06	730515502767.6	peering.cz	avg
561	1546819200	2019-01-07	734368160920.3201	peering.cz	avg
562	1546905600	2019-01-08	630255823499.52	peering.cz	avg
563	1546992000	2019-01-09	619408845990.0	peering.cz	avg
564	1547078400	2019-01-10	624935538232.56	peering.cz	avg
565	1547164800	2019-01-11	618260416031.52	peering.cz	avg
566	1547251200	2019-01-12	636146036569.4401	peering.cz	avg
567	1547337600	2019-01-13	727679775773.52	peering.cz	avg
568	1547424000	2019-01-14	741270982140.0	peering.cz	avg
569	1547510400	2019-01-15	618122052133.92	peering.cz	avg
570	1547596800	2019-01-16	637040909554.56	peering.cz	avg
571	1547683200	2019-01-17	641812042276.56	peering.cz	avg
572	1547769600	2019-01-18	647239307040.72	peering.cz	avg
573	1547856000	2019-01-19	667202641935.84	peering.cz	avg
574	1547942400	2019-01-20	734228960284.08	peering.cz	avg
575	1548028800	2019-01-21	751518906705.36	peering.cz	avg
576	1548115200	2019-01-22	625157266787.28	peering.cz	avg
577	1548201600	2019-01-23	621266003148.24	peering.cz	avg
578	1548288000	2019-01-24	649344627873.36	peering.cz	avg
579	1548374400	2019-01-25	664546190586.48	peering.cz	avg
580	1548460800	2019-01-26	685230089532.48	peering.cz	avg
581	1548547200	2019-01-27	754983574128.72	peering.cz	avg
582	1548633600	2019-01-28	768007959730.56	peering.cz	avg
583	1548720000	2019-01-29	656661231240.48	peering.cz	avg
584	1548806400	2019-01-30	650633874037.92	peering.cz	avg
585	1548892800	2019-01-31	645666429194.64	peering.cz	avg
586	1548979200	2019-02-01	665989851462.5308	peering.cz	avg
587	1549065600	2019-02-02	710106885534.6738	peering.cz	avg
588	1549152000	2019-02-03	749815326550.0155	peering.cz	avg
589	1549238400	2019-02-04	762659041493.9998	peering.cz	avg
590	1549324800	2019-02-05	635941292595.4607	peering.cz	avg
591	1549411200	2019-02-06	653146289465.7246	peering.cz	avg
592	1549497600	2019-02-07	675979846405.4873	peering.cz	avg
593	1549584000	2019-02-08	664730562981.3198	peering.cz	avg
594	1549670400	2019-02-09	684574119909.3196	peering.cz	avg
595	1549756800	2019-02-10	750494216060.6975	peering.cz	avg
596	1549843200	2019-02-11	766570868855.1372	peering.cz	avg
597	1549929600	2019-02-12	652128883718.7748	peering.cz	avg
598	1550016000	2019-02-13	659303828433.7521	peering.cz	avg
599	1550102400	2019-02-14	677523089422.2323	peering.cz	avg
600	1550188800	2019-02-15	671078738093.8506	peering.cz	avg
601	1550275200	2019-02-16	687636164296.4224	peering.cz	avg
602	1550361600	2019-02-17	732866505229.3375	peering.cz	avg
603	1550448000	2019-02-18	745713588363.8472	peering.cz	avg
604	1550534400	2019-02-19	641508329475.3215	peering.cz	avg
605	1550620800	2019-02-20	638646064930.2031	peering.cz	avg
606	1550707200	2019-02-21	665027190280.3759	peering.cz	avg
607	1550793600	2019-02-22	678833057445.76	peering.cz	avg
608	1550880000	2019-02-23	696464114979.4467	peering.cz	avg
609	1550966400	2019-02-24	775952837842.6786	peering.cz	avg
610	1551052800	2019-02-25	795615095185.6376	peering.cz	avg
611	1551139200	2019-02-26	655495725781.6194	peering.cz	avg
612	1551225600	2019-02-27	663041440328.4594	peering.cz	avg
613	1551312000	2019-02-28	661758144034.1354	peering.cz	avg
614	1551398400	2019-03-01	686943155480.6575	peering.cz	avg
615	1551484800	2019-03-02	684980946570.5269	peering.cz	avg
616	1551571200	2019-03-03	768340019729.707	peering.cz	avg
617	1551657600	2019-03-04	775247840279.141	peering.cz	avg
618	1551744000	2019-03-05	645979186598.2302	peering.cz	avg
619	1551830400	2019-03-06	687970925352.7715	peering.cz	avg
620	1551916800	2019-03-07	686020507889.9421	peering.cz	avg
621	1552003200	2019-03-08	695438262170.3643	peering.cz	avg
622	1552089600	2019-03-09	699188478084.686	peering.cz	avg
623	1552176000	2019-03-10	774311254223.6962	peering.cz	avg
624	1552262400	2019-03-11	798177289028.4506	peering.cz	avg
625	1552348800	2019-03-12	646472390402.7035	peering.cz	avg
626	1552435200	2019-03-13	676280064438.2921	peering.cz	avg
627	1552521600	2019-03-14	678116942684.4182	peering.cz	avg
628	1552608000	2019-03-15	675932728255.8546	peering.cz	avg
629	1552694400	2019-03-16	698399094337.9476	peering.cz	avg
630	1552780800	2019-03-17	776026228233.1638	peering.cz	avg
631	1552867200	2019-03-18	738386704522.8596	peering.cz	avg
632	1552953600	2019-03-19	659465871368.2167	peering.cz	avg
633	1553040000	2019-03-20	657481668979.5217	peering.cz	avg
634	1553126400	2019-03-21	655518413564.0322	peering.cz	avg
635	1553212800	2019-03-22	646696362034.7936	peering.cz	avg
636	1553299200	2019-03-23	651507224777.3817	peering.cz	avg
637	1553385600	2019-03-24	689116594766.7931	peering.cz	avg
638	1553472000	2019-03-25	765366744440.9716	peering.cz	avg
639	1553558400	2019-03-26	661152344920.5355	peering.cz	avg
640	1553644800	2019-03-27	649267998182.4702	peering.cz	avg
641	1553731200	2019-03-28	663373068872.035	peering.cz	avg
642	1553817600	2019-03-29	690723250177.9908	peering.cz	avg
643	1553904000	2019-03-30	685627862745.4302	peering.cz	avg
644	1553990400	2019-03-31	689906419729.8702	peering.cz	avg
645	1554076800	2019-04-01	725302133460.5737	peering.cz	avg
646	1554163200	2019-04-02	636066863386.0883	peering.cz	avg
647	1554249600	2019-04-03	647025592346.9755	peering.cz	avg
648	1554336000	2019-04-04	666943600554.2117	peering.cz	avg
649	1554422400	2019-04-05	670936720377.2577	peering.cz	avg
650	1554508800	2019-04-06	688090841345.1404	peering.cz	avg
651	1554595200	2019-04-07	765450849286.5867	peering.cz	avg
652	1554681600	2019-04-08	762095684120.411	peering.cz	avg
653	1554768000	2019-04-09	645767085803.1376	peering.cz	avg
654	1554854400	2019-04-10	681030945868.8988	peering.cz	avg
655	1554940800	2019-04-11	738873289322.9374	peering.cz	avg
656	1555027200	2019-04-12	719086811398.3531	peering.cz	avg
657	1555113600	2019-04-13	748284763459.2968	peering.cz	avg
658	1555200000	2019-04-14	827642081127.775	peering.cz	avg
659	1555286400	2019-04-15	835616465867.1456	peering.cz	avg
660	1555372800	2019-04-16	691882354655.8754	peering.cz	avg
661	1555459200	2019-04-17	675838886344.5153	peering.cz	avg
662	1555545600	2019-04-18	736018212976.8792	peering.cz	avg
663	1555632000	2019-04-19	747498014232.5566	peering.cz	avg
664	1555718400	2019-04-20	754728910399.3302	peering.cz	avg
665	1555804800	2019-04-21	711726443215.3605	peering.cz	avg
666	1555891200	2019-04-22	733082675222.6802	peering.cz	avg
667	1555977600	2019-04-23	779979635488.9626	peering.cz	avg
668	1556064000	2019-04-24	749248451078.6414	peering.cz	avg
669	1556150400	2019-04-25	694522454387.8434	peering.cz	avg
670	1556236800	2019-04-26	675445898432.4944	peering.cz	avg
671	1556323200	2019-04-27	693607032120.0857	peering.cz	avg
672	1556409600	2019-04-28	786972442959.4478	peering.cz	avg
673	1556496000	2019-04-29	827281011214.7496	peering.cz	avg
674	1556582400	2019-04-30	743525999857.149	peering.cz	avg
675	1556668800	2019-05-01	729262291135.8367	peering.cz	avg
676	1556755200	2019-05-02	839832722267.2854	peering.cz	avg
677	1556841600	2019-05-03	732227128726.4254	peering.cz	avg
678	1556928000	2019-05-04	781766973902.9474	peering.cz	avg
679	1557014400	2019-05-05	830062480570.3528	peering.cz	avg
680	1557100800	2019-05-06	878674726010.7482	peering.cz	avg
681	1557187200	2019-05-07	759540923773.786	peering.cz	avg
682	1557273600	2019-05-08	733664681373.0059	peering.cz	avg
683	1557360000	2019-05-09	806608733025.3572	peering.cz	avg
684	1557446400	2019-05-10	780111787565.5055	peering.cz	avg
685	1557532800	2019-05-11	728347051581.9751	peering.cz	avg
686	1557619200	2019-05-12	782855627771.2568	peering.cz	avg
687	1557705600	2019-05-13	853659911471.8977	peering.cz	avg
688	1557792000	2019-05-14	737747476685.7686	peering.cz	avg
689	1557878400	2019-05-15	753814202635.4763	peering.cz	avg
690	1557964800	2019-05-16	772004594839.1206	peering.cz	avg
691	1558051200	2019-05-17	735735227745.4338	peering.cz	avg
692	1558137600	2019-05-18	726460767776.0037	peering.cz	avg
693	1558224000	2019-05-19	739562605180.4729	peering.cz	avg
694	1558310400	2019-05-20	801612794125.0168	peering.cz	avg
695	1558396800	2019-05-21	769027399001.6906	peering.cz	avg
696	1558483200	2019-05-22	750480325544.3546	peering.cz	avg
697	1558569600	2019-05-23	812227686842.6943	peering.cz	avg
698	1558656000	2019-05-24	780221700968.0802	peering.cz	avg
699	1558742400	2019-05-25	744822652269.937	peering.cz	avg
700	1558828800	2019-05-26	770990206929.2135	peering.cz	avg
701	1558915200	2019-05-27	810785177318.7314	peering.cz	avg
702	1559001600	2019-05-28	731832224379.0238	peering.cz	avg
703	1559088000	2019-05-29	780592202406.9077	peering.cz	avg
704	1559174400	2019-05-30	789918637844.2762	peering.cz	avg
705	1559260800	2019-05-31	788111252403.3943	peering.cz	avg
706	1559347200	2019-06-01	740217249416.2931	peering.cz	avg
707	1559433600	2019-06-02	750895446289.6401	peering.cz	avg
708	1559520000	2019-06-03	794280969290.6649	peering.cz	avg
709	1559606400	2019-06-04	733854375496.7812	peering.cz	avg
710	1559692800	2019-06-05	761447022001.7864	peering.cz	avg
711	1559779200	2019-06-06	748407052806.526	peering.cz	avg
712	1559865600	2019-06-07	768426101654.6765	peering.cz	avg
713	1559952000	2019-06-08	755848330061.6903	peering.cz	avg
714	1560038400	2019-06-09	795333365271.5404	peering.cz	avg
715	1560124800	2019-06-10	822711239099.4268	peering.cz	avg
716	1560211200	2019-06-11	770245832827.649	peering.cz	avg
717	1560297600	2019-06-12	756958750985.0973	peering.cz	avg
718	1560384000	2019-06-13	764667934386.7477	peering.cz	avg
719	1560470400	2019-06-14	756847784174.6042	peering.cz	avg
720	1560556800	2019-06-15	752278074809.8175	peering.cz	avg
721	1560643200	2019-06-16	759791368429.3408	peering.cz	avg
722	1560729600	2019-06-17	855038777945.6481	peering.cz	avg
723	1560816000	2019-06-18	754603788638.7397	peering.cz	avg
724	1560902400	2019-06-19	751256973786.8258	peering.cz	avg
725	1560988800	2019-06-20	740606542248.9138	peering.cz	avg
726	1561075200	2019-06-21	756759720082.9735	peering.cz	avg
727	1561161600	2019-06-22	738219567293.4021	peering.cz	avg
728	1561248000	2019-06-23	776548704247.3468	peering.cz	avg
729	1561334400	2019-06-24	833989905121.2592	peering.cz	avg
730	1561420800	2019-06-25	720083484229.5201	peering.cz	avg
731	1561507200	2019-06-26	737341952037.4913	peering.cz	avg
732	1561593600	2019-06-27	775435061600.3827	peering.cz	avg
733	1561680000	2019-06-28	771491921860.7317	peering.cz	avg
734	1561766400	2019-06-29	773243196276.8639	peering.cz	avg
735	1561852800	2019-06-30	760895039208.4036	peering.cz	avg
736	1561939200	2019-07-01	817190959552.8058	peering.cz	avg
737	1562025600	2019-07-02	781576901986.0985	peering.cz	avg
738	1562112000	2019-07-03	748941557557.8688	peering.cz	avg
739	1562198400	2019-07-04	747982717703.9464	peering.cz	avg
740	1562284800	2019-07-05	745564779500.5325	peering.cz	avg
741	1562371200	2019-07-06	768662085857.4075	peering.cz	avg
742	1562457600	2019-07-07	757552831921.2356	peering.cz	avg
743	1562544000	2019-07-08	855965317423.1946	peering.cz	avg
744	1562630400	2019-07-09	784937990937.09	peering.cz	avg
745	1562716800	2019-07-10	799384932299.1238	peering.cz	avg
746	1562803200	2019-07-11	804484864460.8826	peering.cz	avg
747	1562889600	2019-07-12	781568543898.1855	peering.cz	avg
748	1562976000	2019-07-13	799182812695.9551	peering.cz	avg
749	1563062400	2019-07-14	834363800277.2914	peering.cz	avg
750	1563148800	2019-07-15	885523238460.5245	peering.cz	avg
751	1563235200	2019-07-16	780389394998.9905	peering.cz	avg
752	1563321600	2019-07-17	753924233647.2024	peering.cz	avg
753	1563408000	2019-07-18	755755383373.2701	peering.cz	avg
754	1563494400	2019-07-19	758010810312.1946	peering.cz	avg
755	1563580800	2019-07-20	773018101607.8881	peering.cz	avg
756	1563667200	2019-07-21	745595420803.8563	peering.cz	avg
757	1563753600	2019-07-22	853214143835.1875	peering.cz	avg
758	1563840000	2019-07-23	764296351778.9606	peering.cz	avg
759	1563926400	2019-07-24	769346501262.9419	peering.cz	avg
760	1564012800	2019-07-25	776494973569.5345	peering.cz	avg
761	1564099200	2019-07-26	782097862130.5576	peering.cz	avg
762	1564185600	2019-07-27	771937955057.8177	peering.cz	avg
763	1564272000	2019-07-28	825081355707.0581	peering.cz	avg
764	1564358400	2019-07-29	878619772654.1913	peering.cz	avg
765	1564444800	2019-07-30	825978351447.0322	peering.cz	avg
766	1564531200	2019-07-31	816071597347.3136	peering.cz	avg
767	1564617600	2019-08-01	809581020081.7352	peering.cz	avg
768	1564704000	2019-08-02	803335810145.4935	peering.cz	avg
769	1564790400	2019-08-03	804302562587.7052	peering.cz	avg
770	1564876800	2019-08-04	829996101647.6732	peering.cz	avg
771	1564963200	2019-08-05	862204014769.2042	peering.cz	avg
772	1565049600	2019-08-06	818027930800.209	peering.cz	avg
773	1565136000	2019-08-07	820823190974.6682	peering.cz	avg
774	1565222400	2019-08-08	839085431775.727	peering.cz	avg
775	1565308800	2019-08-09	804098245757.7406	peering.cz	avg
776	1565395200	2019-08-10	789250228545.1371	peering.cz	avg
777	1565481600	2019-08-11	843047110519.2511	peering.cz	avg
778	1565568000	2019-08-12	871209038468.9326	peering.cz	avg
779	1565654400	2019-08-13	847624484194.4878	peering.cz	avg
780	1565740800	2019-08-14	850079833964.7231	peering.cz	avg
781	1565827200	2019-08-15	871797023665.5281	peering.cz	avg
782	1565913600	2019-08-16	831987406842.6682	peering.cz	avg
783	1566000000	2019-08-17	840242478335.0399	peering.cz	avg
784	1566086400	2019-08-18	836659177130.7401	peering.cz	avg
785	1566172800	2019-08-19	889400074606.4105	peering.cz	avg
786	1566259200	2019-08-20	850293434179.5453	peering.cz	avg
787	1566345600	2019-08-21	853013714431.4781	peering.cz	avg
788	1566432000	2019-08-22	861483433006.9004	peering.cz	avg
789	1566518400	2019-08-23	841484243172.6549	peering.cz	avg
790	1566604800	2019-08-24	825121751794.2355	peering.cz	avg
791	1566691200	2019-08-25	822469983179.2562	peering.cz	avg
792	1566777600	2019-08-26	898742226539.0936	peering.cz	avg
793	1566864000	2019-08-27	848908167098.5396	peering.cz	avg
794	1566950400	2019-08-28	861925658020.9143	peering.cz	avg
795	1567036800	2019-08-29	852081817957.929	peering.cz	avg
796	1567123200	2019-08-30	918096655538.2225	peering.cz	avg
797	1567209600	2019-08-31	859711488419.0676	peering.cz	avg
798	1567296000	2019-09-01	854064277381.9518	peering.cz	avg
799	1567382400	2019-09-02	935230303363.647	peering.cz	avg
800	1567468800	2019-09-03	879303911978.921	peering.cz	avg
801	1567555200	2019-09-04	815225651695.2894	peering.cz	avg
802	1567641600	2019-09-05	792386884420.8127	peering.cz	avg
803	1567728000	2019-09-06	805633748334.2388	peering.cz	avg
804	1567814400	2019-09-07	825809317348.0795	peering.cz	avg
805	1567900800	2019-09-08	950344912545.4894	peering.cz	avg
806	1567987200	2019-09-09	968921683732.138	peering.cz	avg
807	1568073600	2019-09-10	849211971991.4153	peering.cz	avg
808	1568160000	2019-09-11	818205234734.0818	peering.cz	avg
809	1568246400	2019-09-12	843657652084.2931	peering.cz	avg
810	1568332800	2019-09-13	817413184661.6382	peering.cz	avg
811	1568419200	2019-09-14	828042450462.2947	peering.cz	avg
812	1568505600	2019-09-15	872556578104.5819	peering.cz	avg
813	1568592000	2019-09-16	927197950197.1077	peering.cz	avg
814	1568678400	2019-09-17	818612291611.1613	peering.cz	avg
815	1568764800	2019-09-18	830599724757.9584	peering.cz	avg
816	1568851200	2019-09-19	813782471254.5813	peering.cz	avg
817	1568937600	2019-09-20	815576400868.7001	peering.cz	avg
818	1569024000	2019-09-21	828203115336.2063	peering.cz	avg
819	1569110400	2019-09-22	859137549673.8804	peering.cz	avg
820	1569196800	2019-09-23	910067331348.7869	peering.cz	avg
821	1569283200	2019-09-24	801728498276.9768	peering.cz	avg
822	1569369600	2019-09-25	798676834748.719	peering.cz	avg
823	1569456000	2019-09-26	835599729010.3125	peering.cz	avg
824	1569542400	2019-09-27	821336418053.8248	peering.cz	avg
825	1569628800	2019-09-28	849033287044.3921	peering.cz	avg
826	1569715200	2019-09-29	938226008688.2576	peering.cz	avg
827	1569801600	2019-09-30	941141760502.0203	peering.cz	avg
828	1569888000	2019-10-01	820607111929.0214	peering.cz	avg
829	1569974400	2019-10-02	815987373790.2325	peering.cz	avg
830	1570060800	2019-10-03	855989653803.2004	peering.cz	avg
831	1570147200	2019-10-04	852840825183.8275	peering.cz	avg
832	1570233600	2019-10-05	869641276739.3346	peering.cz	avg
833	1570320000	2019-10-06	1001247145537.7031	peering.cz	avg
834	1570406400	2019-10-07	983606851816.1039	peering.cz	avg
835	1570492800	2019-10-08	856233385080.929	peering.cz	avg
836	1570579200	2019-10-09	885202170922.1084	peering.cz	avg
837	1570665600	2019-10-10	911168606596.5322	peering.cz	avg
838	1570752000	2019-10-11	894345904203.556	peering.cz	avg
839	1570838400	2019-10-12	911411563903.3175	peering.cz	avg
840	1570924800	2019-10-13	956581908462.7655	peering.cz	avg
841	1571011200	2019-10-14	998486235327.2648	peering.cz	avg
842	1571097600	2019-10-15	870770197090.3267	peering.cz	avg
843	1571184000	2019-10-16	920589287346.0656	peering.cz	avg
844	1571270400	2019-10-17	893302965598.0277	peering.cz	avg
845	1571356800	2019-10-18	878368416451.4764	peering.cz	avg
846	1571443200	2019-10-19	914593675397.1117	peering.cz	avg
847	1571529600	2019-10-20	1000959517532.6536	peering.cz	avg
848	1571616000	2019-10-21	1024493883886.945	peering.cz	avg
849	1571702400	2019-10-22	863512777133.825	peering.cz	avg
850	1571788800	2019-10-23	868706166463.154	peering.cz	avg
851	1571875200	2019-10-24	889684648853.8452	peering.cz	avg
852	1571961600	2019-10-25	879577587415.4491	peering.cz	avg
853	1572048000	2019-10-26	904134336965.6506	peering.cz	avg
854	1572134400	2019-10-27	971707826992.6172	peering.cz	avg
855	1572220800	2019-10-28	1022277247891.6387	peering.cz	avg
856	1572307200	2019-10-29	1010777755914.7076	peering.cz	avg
857	1572393600	2019-10-30	980529225205.8121	peering.cz	avg
858	1572480000	2019-10-31	1000492464103.6539	peering.cz	avg
859	1572566400	2019-11-01	989959713657.9115	peering.cz	avg
860	1572652800	2019-11-02	1010839977232.0669	peering.cz	avg
861	1572739200	2019-11-03	1084570707545.997	peering.cz	avg
862	1572825600	2019-11-04	1100831099016.3647	peering.cz	avg
863	1572912000	2019-11-05	955783778491.4604	peering.cz	avg
864	1572998400	2019-11-06	1002803809073.4968	peering.cz	avg
865	1573084800	2019-11-07	971498178432.298	peering.cz	avg
866	1573171200	2019-11-08	935914464199.9087	peering.cz	avg
867	1573257600	2019-11-09	974844728686.9008	peering.cz	avg
868	1573344000	2019-11-10	1110444468044.555	peering.cz	avg
869	1573430400	2019-11-11	1148924593050.1792	peering.cz	avg
870	1573516800	2019-11-12	942752746360.6647	peering.cz	avg
871	1573603200	2019-11-13	954114504854.3876	peering.cz	avg
872	1573689600	2019-11-14	985973901248.7826	peering.cz	avg
873	1573776000	2019-11-15	966723142135.423	peering.cz	avg
874	1573862400	2019-11-16	900851908052.5729	peering.cz	avg
875	1573948800	2019-11-17	975438302613.3654	peering.cz	avg
876	1574035200	2019-11-18	1015078437992.2551	peering.cz	avg
877	1574121600	2019-11-19	854338690801.589	peering.cz	avg
878	1574208000	2019-11-20	909559520620.3373	peering.cz	avg
879	1574294400	2019-11-21	977927257108.7657	peering.cz	avg
880	1574380800	2019-11-22	952062200795.2856	peering.cz	avg
881	1574467200	2019-11-23	979924511843.8601	peering.cz	avg
882	1574553600	2019-11-24	1100590037167.1946	peering.cz	avg
883	1574640000	2019-11-25	1126585776864.5366	peering.cz	avg
884	1574726400	2019-11-26	948315796113.4076	peering.cz	avg
885	1574812800	2019-11-27	951414322965.5175	peering.cz	avg
886	1574899200	2019-11-28	957949361146.1166	peering.cz	avg
887	1574985600	2019-11-29	945889484801.741	peering.cz	avg
888	1575072000	2019-11-30	975917312588.5625	peering.cz	avg
889	1575158400	2019-12-01	1099823122151.0894	peering.cz	avg
890	1575244800	2019-12-02	1144429192377.375	peering.cz	avg
891	1575331200	2019-12-03	985405035816.8691	peering.cz	avg
892	1575417600	2019-12-04	991644273808.6006	peering.cz	avg
893	1575504000	2019-12-05	991276260584.9532	peering.cz	avg
894	1575590400	2019-12-06	999793371828.1932	peering.cz	avg
895	1575676800	2019-12-07	1031512554372.501	peering.cz	avg
896	1575763200	2019-12-08	1151867549675.3606	peering.cz	avg
897	1575849600	2019-12-09	1170123895118.545	peering.cz	avg
898	1575936000	2019-12-10	1000137979358.3093	peering.cz	avg
899	1576022400	2019-12-11	1012792129206.7148	peering.cz	avg
900	1576108800	2019-12-12	1046754949476.4752	peering.cz	avg
901	1576195200	2019-12-13	1064696669253.2267	peering.cz	avg
902	1576281600	2019-12-14	1096071249757.9414	peering.cz	avg
903	1576368000	2019-12-15	1182697479230.1973	peering.cz	avg
904	1576454400	2019-12-16	1193311494725.5706	peering.cz	avg
905	1576540800	2019-12-17	1008280840662.9321	peering.cz	avg
906	1576627200	2019-12-18	1026965380254.1915	peering.cz	avg
907	1576713600	2019-12-19	1037088132676.5149	peering.cz	avg
908	1576800000	2019-12-20	1055693778703.3534	peering.cz	avg
909	1576886400	2019-12-21	1089528594806.029	peering.cz	avg
910	1576972800	2019-12-22	1202713061883.1782	peering.cz	avg
911	1577059200	2019-12-23	1234100012877.3047	peering.cz	avg
912	1577145600	2019-12-24	1167471569784.963	peering.cz	avg
913	1577232000	2019-12-25	1150125676142.068	peering.cz	avg
914	1577318400	2019-12-26	1240799276994.106	peering.cz	avg
915	1577404800	2019-12-27	1204188432850.608	peering.cz	avg
916	1577491200	2019-12-28	1187922357661.355	peering.cz	avg
917	1577577600	2019-12-29	1196005115657.1455	peering.cz	avg
918	1577664000	2019-12-30	1211236184565.4016	peering.cz	avg
919	1577750400	2019-12-31	1147203862573.8516	peering.cz	avg
920	1577836800	2020-01-01	1088718993943.2622	peering.cz	avg
921	1577923200	2020-01-02	1223665370078.3523	peering.cz	avg
922	1578009600	2020-01-03	1199948122586.1038	peering.cz	avg
923	1578096000	2020-01-04	1187555054803.0034	peering.cz	avg
924	1578182400	2020-01-05	1227836710475.6274	peering.cz	avg
925	1578268800	2020-01-06	1217032887483.5942	peering.cz	avg
926	1578355200	2020-01-07	1095883135948.906	peering.cz	avg
927	1578441600	2020-01-08	1055689202922.6338	peering.cz	avg
928	1578528000	2020-01-09	1040115310669.8228	peering.cz	avg
929	1578614400	2020-01-10	1063157470461.2251	peering.cz	avg
930	1578700800	2020-01-11	1099330865363.054	peering.cz	avg
931	1578787200	2020-01-12	1219199145155.5205	peering.cz	avg
932	1578873600	2020-01-13	1248383085202.209	peering.cz	avg
933	1578960000	2020-01-14	1057113809343.1575	peering.cz	avg
934	1579046400	2020-01-15	1051238408285.9468	peering.cz	avg
935	1579132800	2020-01-16	1102977741439.2847	peering.cz	avg
936	1579219200	2020-01-17	1078893918275.4984	peering.cz	avg
937	1579305600	2020-01-18	1124655711930.7698	peering.cz	avg
938	1579392000	2020-01-19	1256940652134.401	peering.cz	avg
939	1579478400	2020-01-20	1278567969642.473	peering.cz	avg
940	1579564800	2020-01-21	1071078070491.4857	peering.cz	avg
941	1579651200	2020-01-22	1062498353257.3998	peering.cz	avg
942	1579737600	2020-01-23	1096242661259.9515	peering.cz	avg
943	1579824000	2020-01-24	1101252068848.688	peering.cz	avg
944	1579910400	2020-01-25	1146656021788.914	peering.cz	avg
945	1579996800	2020-01-26	1280340122445.2441	peering.cz	avg
946	1580083200	2020-01-27	1311144245674.5046	peering.cz	avg
947	1580169600	2020-01-28	1119881664371.5183	peering.cz	avg
948	1580256000	2020-01-29	1138902394902.652	peering.cz	avg
949	1580342400	2020-01-30	1135696319508.3184	peering.cz	avg
950	1580428800	2020-01-31	1137891889140.4785	peering.cz	avg
951	1580515200	2020-02-01	1182496970863.825	peering.cz	avg
952	1580601600	2020-02-02	1246612599074.511	peering.cz	avg
953	1580688000	2020-02-03	1297988720077.758	peering.cz	avg
954	1580774400	2020-02-04	1133931467038.0312	peering.cz	avg
955	1580860800	2020-02-05	1174932396765.509	peering.cz	avg
956	1580947200	2020-02-06	1166111025074.7317	peering.cz	avg
957	1581033600	2020-02-07	1136259222071.3564	peering.cz	avg
958	1581120000	2020-02-08	1161447478360.9854	peering.cz	avg
959	1581206400	2020-02-09	1251272283680.6304	peering.cz	avg
960	1581292800	2020-02-10	1292783667156.334	peering.cz	avg
961	1581379200	2020-02-11	1129816066029.3215	peering.cz	avg
962	1581465600	2020-02-12	1128966398642.8762	peering.cz	avg
963	1581552000	2020-02-13	1169722794736.726	peering.cz	avg
964	1581638400	2020-02-14	1153373972484.7493	peering.cz	avg
965	1581724800	2020-02-15	1178762164517.6282	peering.cz	avg
966	1581811200	2020-02-16	1265294874903.514	peering.cz	avg
967	1581897600	2020-02-17	1307551763656.555	peering.cz	avg
968	1581984000	2020-02-18	1122466926115.6807	peering.cz	avg
969	1582070400	2020-02-19	1117576220537.0208	peering.cz	avg
970	1582156800	2020-02-20	1140114975882.0579	peering.cz	avg
971	1582243200	2020-02-21	1194684272639.0593	peering.cz	avg
972	1582329600	2020-02-22	1177687283448.5571	peering.cz	avg
973	1582416000	2020-02-23	1254324985208.6616	peering.cz	avg
974	1582502400	2020-02-24	1329654443924.075	peering.cz	avg
975	1582588800	2020-02-25	1116793654422.9019	peering.cz	avg
976	1582675200	2020-02-26	1139554018031.2046	peering.cz	avg
977	1582761600	2020-02-27	1155102426640.9272	peering.cz	avg
978	1582848000	2020-02-28	1154467020327.8652	peering.cz	avg
979	1582934400	2020-02-29	1198287240379.3328	peering.cz	avg
980	1583020800	2020-03-01	1322047481591.7598	peering.cz	avg
981	1583107200	2020-03-02	1336376401542.1335	peering.cz	avg
982	1583193600	2020-03-03	1119738672067.654	peering.cz	avg
983	1583280000	2020-03-04	1178600772538.9402	peering.cz	avg
984	1583366400	2020-03-05	1149274560041.9211	peering.cz	avg
985	1583452800	2020-03-06	1131407155228.9382	peering.cz	avg
986	1583539200	2020-03-07	1195031244462.0369	peering.cz	avg
987	1583625600	2020-03-08	1324388037841.349	peering.cz	avg
988	1583712000	2020-03-09	1318698270860.036	peering.cz	avg
989	1583798400	2020-03-10	1132915725942.2136	peering.cz	avg
990	1583884800	2020-03-11	1280972587022.4263	peering.cz	avg
991	1583971200	2020-03-12	1434818987821.5913	peering.cz	avg
992	1584057600	2020-03-13	1372716408718.7224	peering.cz	avg
993	1584144000	2020-03-14	1407361435519.921	peering.cz	avg
994	1584230400	2020-03-15	1466020454915.903	peering.cz	avg
995	1584316800	2020-03-16	1491796569218.2954	peering.cz	avg
996	1584403200	2020-03-17	1435458283358.371	peering.cz	avg
997	1584489600	2020-03-18	1449635511958.477	peering.cz	avg
998	1584576000	2020-03-19	1420734958186.074	peering.cz	avg
999	1584662400	2020-03-20	1449757128889.0288	peering.cz	avg
1000	1584748800	2020-03-21	1504577157110.047	peering.cz	avg
1001	1584835200	2020-03-22	1656436267480.6104	peering.cz	avg
1002	1584921600	2020-03-23	1633231780269.3398	peering.cz	avg
1003	1585008000	2020-03-24	1487533722648.9534	peering.cz	avg
1004	1585094400	2020-03-25	1494893426524.5051	peering.cz	avg
1005	1585180800	2020-03-26	1487773492841.122	peering.cz	avg
1006	1585267200	2020-03-27	1487735393575.048	peering.cz	avg
1007	1585353600	2020-03-28	1480568494791.3086	peering.cz	avg
1008	1585440000	2020-03-29	1429672587832.6414	peering.cz	avg
1009	1585526400	2020-03-30	1487011640679.1958	peering.cz	avg
1010	1585612800	2020-03-31	1404269486396.3423	peering.cz	avg
1011	1585699200	2020-04-01	1420898709482.526	peering.cz	avg
1012	1585785600	2020-04-02	1389912799686.976	peering.cz	avg
1013	1585872000	2020-04-03	1364361909822.2036	peering.cz	avg
1014	1585958400	2020-04-04	1423978507981.2966	peering.cz	avg
1015	1586044800	2020-04-05	1399517736419.4688	peering.cz	avg
1016	1586131200	2020-04-06	1386765629659.7688	peering.cz	avg
1017	1586217600	2020-04-07	1323627242875.4485	peering.cz	avg
1018	1586304000	2020-04-08	1327422762121.4043	peering.cz	avg
1019	1586390400	2020-04-09	1381556859915.3198	peering.cz	avg
1020	1586476800	2020-04-10	1371226884402.8638	peering.cz	avg
1021	1586563200	2020-04-11	1412573306456.3735	peering.cz	avg
1022	1586649600	2020-04-12	1347904267403.728	peering.cz	avg
1023	1586736000	2020-04-13	1376239685420.586	peering.cz	avg
1024	1586822400	2020-04-14	1517444671111.283	peering.cz	avg
1025	1586908800	2020-04-15	1452694049767.262	peering.cz	avg
1026	1586995200	2020-04-16	1416493726697.002	peering.cz	avg
1027	1587081600	2020-04-17	1354874032696.2253	peering.cz	avg
1028	1587168000	2020-04-18	1340497593466.4473	peering.cz	avg
1029	1587254400	2020-04-19	1320147192911.4302	peering.cz	avg
1030	1587340800	2020-04-20	1464937765640.117	peering.cz	avg
1031	1587427200	2020-04-21	1322422124035.3887	peering.cz	avg
1032	1587513600	2020-04-22	1294308604489.513	peering.cz	avg
1033	1587600000	2020-04-23	1305038079006.2607	peering.cz	avg
1034	1587686400	2020-04-24	1275212472063.2383	peering.cz	avg
1035	1587772800	2020-04-25	1273055305887.8008	peering.cz	avg
1036	1587859200	2020-04-26	1340421309744.2686	peering.cz	avg
1037	1587945600	2020-04-27	1342924940075.1675	peering.cz	avg
1038	1588032000	2020-04-28	1235743856721.2974	peering.cz	avg
1039	1588118400	2020-04-29	1257082393100.2158	peering.cz	avg
1040	1588204800	2020-04-30	1369028289280.429	peering.cz	avg
1041	1588291200	2020-05-01	1289986115812.289	peering.cz	avg
1042	1588377600	2020-05-02	1395612582464.1738	peering.cz	avg
1043	1588464000	2020-05-03	1369803529027.4136	peering.cz	avg
1044	1588550400	2020-05-04	1432533354797.304	peering.cz	avg
1045	1588636800	2020-05-05	1298878470487.1233	peering.cz	avg
1046	1588723200	2020-05-06	1330402144154.186	peering.cz	avg
1047	1588809600	2020-05-07	1323498023624.1265	peering.cz	avg
1048	1588896000	2020-05-08	1262157758510.3098	peering.cz	avg
1049	1588982400	2020-05-09	1225891609046.1555	peering.cz	avg
1050	1589068800	2020-05-10	1199269435811.893	peering.cz	avg
1051	1589155200	2020-05-11	1341373332863.428	peering.cz	avg
1052	1589241600	2020-05-12	1310811721284.7178	peering.cz	avg
1053	1589328000	2020-05-13	1308348483064.0598	peering.cz	avg
1054	1589414400	2020-05-14	1348611244341.3267	peering.cz	avg
1055	1589500800	2020-05-15	1351672047635.546	peering.cz	avg
1056	1589587200	2020-05-16	1446951592530.8296	peering.cz	avg
1057	1589673600	2020-05-17	1310716761005.3018	peering.cz	avg
1058	1589760000	2020-05-18	1353443806256.5059	peering.cz	avg
1059	1589846400	2020-05-19	1244343703971.3513	peering.cz	avg
1060	1589932800	2020-05-20	1292089075014.2751	peering.cz	avg
1061	1590019200	2020-05-21	1317424065579.6067	peering.cz	avg
1062	1590105600	2020-05-22	1260609300096.4165	peering.cz	avg
1063	1590192000	2020-05-23	1217961158871.3054	peering.cz	avg
1064	1590278400	2020-05-24	1330652175188.694	peering.cz	avg
1065	1590364800	2020-05-25	1379898439772.0715	peering.cz	avg
1066	1590451200	2020-05-26	1304538882514.339	peering.cz	avg
1067	1590537600	2020-05-27	1310127133572.2336	peering.cz	avg
1068	1590624000	2020-05-28	1237662274061.2834	peering.cz	avg
1069	1590710400	2020-05-29	1299032584847.7146	peering.cz	avg
1070	1590796800	2020-05-30	1258617651020.1062	peering.cz	avg
1071	1590883200	2020-05-31	1261732662372.1096	peering.cz	avg
1072	1590969600	2020-06-01	1434255338078.7966	peering.cz	avg
1073	1591056000	2020-06-02	1234347990055.281	peering.cz	avg
1074	1591142400	2020-06-03	1228401930961.6743	peering.cz	avg
1075	1591228800	2020-06-04	1211221247384.6995	peering.cz	avg
1076	1591315200	2020-06-05	1240667849176.8364	peering.cz	avg
1077	1591401600	2020-06-06	1292081107149.3167	peering.cz	avg
1078	1591488000	2020-06-07	1219351389104.578	peering.cz	avg
1079	1591574400	2020-06-08	1320813605685.9277	peering.cz	avg
1080	1591660800	2020-06-09	1235929023885.3572	peering.cz	avg
1081	1591747200	2020-06-10	1225471605738.9543	peering.cz	avg
1082	1591833600	2020-06-11	1314662283601.5962	peering.cz	avg
1083	1591920000	2020-06-12	1280551951154.0098	peering.cz	avg
1084	1592006400	2020-06-13	1216280706842.492	peering.cz	avg
1085	1592092800	2020-06-14	1168825090271.2817	peering.cz	avg
1086	1592179200	2020-06-15	1356066252897.3855	peering.cz	avg
1087	1592265600	2020-06-16	1204072270666.2556	peering.cz	avg
1088	1592352000	2020-06-17	1250944344034.876	peering.cz	avg
1089	1592438400	2020-06-18	1315872281296.5383	peering.cz	avg
1090	1592524800	2020-06-19	1299695811141.9246	peering.cz	avg
1091	1592611200	2020-06-20	1300534657816.2466	peering.cz	avg
1092	1592697600	2020-06-21	1370366016807.9026	peering.cz	avg
1093	1592784000	2020-06-22	1398050381891.7244	peering.cz	avg
1094	1592870400	2020-06-23	1247337330633.5933	peering.cz	avg
1095	1592956800	2020-06-24	1218963000417.6006	peering.cz	avg
1096	1593043200	2020-06-25	1243112496980.9587	peering.cz	avg
