Date,bitrate
2017-07-01 00:00:00+00:00,-0.01624192660591539
2017-07-02 00:00:00+00:00,-0.021473447078129388
2017-07-03 00:00:00+00:00,-0.021903882976517602
2017-07-04 00:00:00+00:00,-0.016620266907511783
2017-07-05 00:00:00+00:00,-0.017192962970344408
2017-07-06 00:00:00+00:00,-0.018282740619712898
2017-07-07 00:00:00+00:00,-0.01716635302074691
2017-07-08 00:00:00+00:00,-0.01742603057463239
2017-07-09 00:00:00+00:00,-0.023443717512614027
2017-07-10 00:00:00+00:00,-0.021669466923812608
2017-07-11 00:00:00+00:00,-0.014933353416885283
2017-07-12 00:00:00+00:00,-0.012365548793632292
2017-07-13 00:00:00+00:00,-0.01077587969527647
2017-07-14 00:00:00+00:00,-0.012676167657730091
2017-07-15 00:00:00+00:00,-0.01396962431591035
2017-07-16 00:00:00+00:00,-0.020130177723269978
2017-07-17 00:00:00+00:00,-0.020762001384500642
2017-07-18 00:00:00+00:00,-0.015484495459247703
2017-07-19 00:00:00+00:00,-0.014984537911844387
2017-07-20 00:00:00+00:00,-0.014283871308851743
2017-07-21 00:00:00+00:00,-0.012456696471137745
2017-07-22 00:00:00+00:00,-0.013805294676908837
2017-07-23 00:00:00+00:00,-0.01986292728349605
2017-07-24 00:00:00+00:00,-0.018689873596538623
2017-07-25 00:00:00+00:00,-0.011455792168805282
2017-07-26 00:00:00+00:00,-0.012404615815189103
2017-07-27 00:00:00+00:00,-0.010790733360429053
2017-07-28 00:00:00+00:00,-0.012660393112470823
2017-07-29 00:00:00+00:00,-0.011514448492115671
2017-07-30 00:00:00+00:00,-0.018777930443689528
2017-07-31 00:00:00+00:00,-0.018520651916881806
2017-08-01 00:00:00+00:00,-0.010526184689190489
2017-08-02 00:00:00+00:00,-0.009932343410161363
2017-08-03 00:00:00+00:00,-0.011328225565547339
2017-08-04 00:00:00+00:00,-0.009274355397469031
2017-08-05 00:00:00+00:00,-0.01282191820655851
2017-08-06 00:00:00+00:00,-0.020542830003471103
2017-08-07 00:00:00+00:00,-0.01812531816216659
2017-08-08 00:00:00+00:00,-0.01199576693000266
2017-08-09 00:00:00+00:00,-0.008544592556412031
2017-08-10 00:00:00+00:00,-0.008681919584809926
2017-08-11 00:00:00+00:00,-0.011339045980075103
2017-08-12 00:00:00+00:00,-0.011406457753468408
2017-08-13 00:00:00+00:00,-0.016571363385603385
2017-08-14 00:00:00+00:00,-0.01654426848992148
2017-08-15 00:00:00+00:00,-0.011056398156908
2017-08-16 00:00:00+00:00,-0.011641732411299472
2017-08-17 00:00:00+00:00,-0.009776268609507862
2017-08-18 00:00:00+00:00,-0.011171906381565972
2017-08-19 00:00:00+00:00,-0.013062639404235361
2017-08-20 00:00:00+00:00,-0.015978770839273612
2017-08-21 00:00:00+00:00,-0.014655661948240594
2017-08-22 00:00:00+00:00,-0.006285200906239552
2017-08-23 00:00:00+00:00,-0.007628200183999146
2017-08-24 00:00:00+00:00,-0.008595739761535789
2017-08-25 00:00:00+00:00,-0.009984074180734798
2017-08-26 00:00:00+00:00,-0.01177119252439409
2017-08-27 00:00:00+00:00,-0.01790131962175164
2017-08-28 00:00:00+00:00,-0.01520576720197523
2017-08-29 00:00:00+00:00,-0.012859355692404248
2017-08-30 00:00:00+00:00,-0.005817700963614786
2017-08-31 00:00:00+00:00,-0.006082147073100455
2017-09-01 00:00:00+00:00,-0.01116421252341858
2017-09-02 00:00:00+00:00,-0.009148957133896723
2017-09-03 00:00:00+00:00,-0.016235129995007508
2017-09-04 00:00:00+00:00,-0.013941005117226197
2017-09-05 00:00:00+00:00,-0.009756452625034263
2017-09-06 00:00:00+00:00,-0.004840962846594277
2017-09-07 00:00:00+00:00,-0.005568351484856246
2017-09-08 00:00:00+00:00,-0.00886522564902161
2017-09-09 00:00:00+00:00,-0.010515103275715303
2017-09-10 00:00:00+00:00,-0.014832058891708237
2017-09-11 00:00:00+00:00,-0.014993241829096955
2017-09-12 00:00:00+00:00,-0.012985858956650088
2017-09-13 00:00:00+00:00,-0.011124512640472133
2017-09-14 00:00:00+00:00,-0.008572220030658922
2017-09-15 00:00:00+00:00,-0.010778949848642118
2017-09-16 00:00:00+00:00,-0.00966049392883957
2017-09-17 00:00:00+00:00,-0.010939464424468564
2017-09-18 00:00:00+00:00,-0.011193875808947125
2017-09-19 00:00:00+00:00,-0.008749846319301764
2017-09-20 00:00:00+00:00,-0.008153953169036778
2017-09-21 00:00:00+00:00,-0.0063479309323644355
2017-09-22 00:00:00+00:00,-0.006356957885007935
2017-09-23 00:00:00+00:00,-0.008461678232247173
2017-09-24 00:00:00+00:00,-0.009930749753331015
2017-09-25 00:00:00+00:00,-0.011089946278912695
2017-09-26 00:00:00+00:00,-0.008522322322542516
2017-09-27 00:00:00+00:00,-0.004610412919564514
2017-09-28 00:00:00+00:00,-0.004137655876328351
2017-09-29 00:00:00+00:00,-0.0036360330644884895
2017-09-30 00:00:00+00:00,0.002359634379829583
2017-10-01 00:00:00+00:00,-0.003261003157103429
2017-10-02 00:00:00+00:00,-0.0028947134873565494
2017-10-03 00:00:00+00:00,-0.0033955995219557954
2017-10-04 00:00:00+00:00,-0.0042288112221756
2017-10-05 00:00:00+00:00,-0.0045761800805440185
2017-10-06 00:00:00+00:00,-0.002591117898309656
2017-10-07 00:00:00+00:00,-0.003125697748618137
2017-10-08 00:00:00+00:00,-0.00955420165993639
2017-10-09 00:00:00+00:00,-0.00862869548621174
2017-10-10 00:00:00+00:00,-0.0049831839372828516
2017-10-11 00:00:00+00:00,-0.0033115588964035083
2017-10-12 00:00:00+00:00,-0.0014200287274267367
2017-10-13 00:00:00+00:00,-0.0015769868907559571
2017-10-14 00:00:00+00:00,-0.0029527213651327224
2017-10-15 00:00:00+00:00,-0.007192566403224716
2017-10-16 00:00:00+00:00,-0.0074911087335897495
2017-10-17 00:00:00+00:00,-0.0019352856397681951
2017-10-18 00:00:00+00:00,-0.0024770051612651063
2017-10-19 00:00:00+00:00,-0.0016443979142744176
2017-10-20 00:00:00+00:00,-0.00028483356378916636
2017-10-21 00:00:00+00:00,-0.0009335055155003319
2017-10-22 00:00:00+00:00,-0.006120170959524043
2017-10-23 00:00:00+00:00,-0.005860599643785264
2017-10-24 00:00:00+00:00,-0.0010868118842239332
2017-10-25 00:00:00+00:00,-0.0011615041950564773
2017-10-26 00:00:00+00:00,-0.0008398697919938468
2017-10-27 00:00:00+00:00,0.0006427987280040984
2017-10-28 00:00:00+00:00,-0.0011484807816332541
2017-10-29 00:00:00+00:00,-0.004161913940685139
2017-10-30 00:00:00+00:00,-0.006498021726605983
2017-10-31 00:00:00+00:00,-0.0006601509307316337
2017-11-01 00:00:00+00:00,0.0002560218310116002
2017-11-02 00:00:00+00:00,0.0014171223390821268
2017-11-03 00:00:00+00:00,0.003390981867727038
2017-11-04 00:00:00+00:00,0.0018827957243769734
2017-11-05 00:00:00+00:00,-0.0052740636351575245
2017-11-06 00:00:00+00:00,-0.005082476805796638
2017-11-07 00:00:00+00:00,-0.0008090171360922551
2017-11-08 00:00:00+00:00,0.003024453867035781
2017-11-09 00:00:00+00:00,0.0020149863389981354
2017-11-10 00:00:00+00:00,-0.000487461122268842
2017-11-11 00:00:00+00:00,0.001331715067992235
2017-11-12 00:00:00+00:00,-0.005349148686101208
2017-11-13 00:00:00+00:00,-0.004958568105773223
2017-11-14 00:00:00+00:00,-0.0002413997084975703
2017-11-15 00:00:00+00:00,0.000917381065380854
2017-11-16 00:00:00+00:00,-0.0005135296691499117
2017-11-17 00:00:00+00:00,0.00020122175912153876
2017-11-18 00:00:00+00:00,-0.0009857493063702692
2017-11-19 00:00:00+00:00,-0.0031290753088966906
2017-11-20 00:00:00+00:00,-0.005559753253932046
2017-11-21 00:00:00+00:00,-0.002311412766170351
2017-11-22 00:00:00+00:00,-0.002535792196137872
2017-11-23 00:00:00+00:00,-0.0013107018612939034
2017-11-24 00:00:00+00:00,-0.0030864192998728813
2017-11-25 00:00:00+00:00,-0.0030493474582596746
2017-11-26 00:00:00+00:00,-0.007544675834408092
2017-11-27 00:00:00+00:00,-0.005378486453817407
2017-11-28 00:00:00+00:00,-0.001666838825143781
2017-11-29 00:00:00+00:00,-0.0010698278511620412
2017-11-30 00:00:00+00:00,-0.0003225124194468094
2017-12-01 00:00:00+00:00,0.00016401299300070364
2017-12-02 00:00:00+00:00,0.0005470165841260756
2017-12-03 00:00:00+00:00,-0.0030869102603023847
2017-12-04 00:00:00+00:00,-0.0040758202671785475
2017-12-05 00:00:00+00:00,-0.0008306474329202247
2017-12-06 00:00:00+00:00,0.003456581210037525
2017-12-07 00:00:00+00:00,0.0032977349613750612
2017-12-08 00:00:00+00:00,0.006999348219362565
2017-12-09 00:00:00+00:00,0.005819956866396856
2017-12-10 00:00:00+00:00,-0.0016656498966408128
2017-12-11 00:00:00+00:00,-0.0010739276037426116
2017-12-12 00:00:00+00:00,0.0033578185429170276
2017-12-13 00:00:00+00:00,0.005955930811039149
2017-12-14 00:00:00+00:00,0.007694144605166119
2017-12-15 00:00:00+00:00,0.008210303984674563
2017-12-16 00:00:00+00:00,0.005762562713326563
2017-12-17 00:00:00+00:00,-0.0033997819805029776
2017-12-18 00:00:00+00:00,-0.00272342740058887
2017-12-19 00:00:00+00:00,0.0015982756038633882
2017-12-20 00:00:00+00:00,0.00230339930578793
2017-12-21 00:00:00+00:00,0.0012937990376844918
2017-12-22 00:00:00+00:00,0.002342541220301004
2017-12-23 00:00:00+00:00,-0.0030990026135625528
2017-12-24 00:00:00+00:00,-0.008701165127013986
2017-12-25 00:00:00+00:00,-0.012013946168010308
2017-12-26 00:00:00+00:00,-0.006060503528152654
2017-12-27 00:00:00+00:00,-0.004035437758880821
2017-12-28 00:00:00+00:00,-0.0013123831761089316
2017-12-29 00:00:00+00:00,-0.0029527337928017478
2017-12-30 00:00:00+00:00,-0.0042462707951059445
2017-12-31 00:00:00+00:00,-0.006039702497556917
2018-01-01 00:00:00+00:00,-0.009423301773966674
2018-01-02 00:00:00+00:00,-0.0034788182069689752
2018-01-03 00:00:00+00:00,0.004495247612394958
2018-01-04 00:00:00+00:00,0.005762786276109202
2018-01-05 00:00:00+00:00,0.00504240185124463
2018-01-06 00:00:00+00:00,0.002852533910281169
2018-01-07 00:00:00+00:00,-0.0029490108996944203
2018-01-08 00:00:00+00:00,-0.002596675239658103
2018-01-09 00:00:00+00:00,0.0022964493587132027
2018-01-10 00:00:00+00:00,0.0049971770993600395
2018-01-11 00:00:00+00:00,0.005411003516718398
2018-01-12 00:00:00+00:00,0.006416152302011315
2018-01-13 00:00:00+00:00,0.004573557012849317
2018-01-14 00:00:00+00:00,0.001164508707788742
2018-01-15 00:00:00+00:00,0.00044995680876340873
2018-01-16 00:00:00+00:00,0.0025030460483925093
2018-01-17 00:00:00+00:00,0.0026855412839996073
2018-01-18 00:00:00+00:00,0.002833452756378442
2018-01-19 00:00:00+00:00,0.0061597686850818015
2018-01-20 00:00:00+00:00,0.006266787065281566
2018-01-21 00:00:00+00:00,0.0014189642087353636
2018-01-22 00:00:00+00:00,0.001529260231923769
2018-01-23 00:00:00+00:00,0.0032524603183695594
2018-01-24 00:00:00+00:00,0.005332122970052757
2018-01-25 00:00:00+00:00,0.004600209992697019
2018-01-26 00:00:00+00:00,0.006233603228106947
2018-01-27 00:00:00+00:00,0.004313715240902521
2018-01-28 00:00:00+00:00,0.0002472059978622671
2018-01-29 00:00:00+00:00,-0.0010850153314264054
2018-01-30 00:00:00+00:00,0.0018031671751038997
2018-01-31 00:00:00+00:00,0.006368079372943276
2018-02-01 00:00:00+00:00,0.007456815079566147
2018-02-02 00:00:00+00:00,0.00920769811667855
2018-02-03 00:00:00+00:00,0.009083949554035535
2018-02-04 00:00:00+00:00,0.003586040070206802
2018-02-05 00:00:00+00:00,0.0019317502688980747
2018-02-06 00:00:00+00:00,0.004978739675345792
2018-02-07 00:00:00+00:00,0.004250803221109614
2018-02-08 00:00:00+00:00,0.0037099283959261932
2018-02-09 00:00:00+00:00,0.001279986829918445
2018-02-10 00:00:00+00:00,-0.0046813564487121866
2018-02-11 00:00:00+00:00,-0.008452936543951049
2018-02-12 00:00:00+00:00,-0.008513577292452858
2018-02-13 00:00:00+00:00,-0.005224784036314631
2018-02-14 00:00:00+00:00,-0.0017348107687309325
2018-02-15 00:00:00+00:00,-0.0008608848956076472
2018-02-16 00:00:00+00:00,0.0029926260850006853
2018-02-17 00:00:00+00:00,-0.0011072803497934772
2018-02-18 00:00:00+00:00,-0.008415720411290049
2018-02-19 00:00:00+00:00,-0.007897402542122872
2018-02-20 00:00:00+00:00,-0.004223124655765581
2018-02-21 00:00:00+00:00,-0.0035296854109144763
2018-02-22 00:00:00+00:00,-0.0037401617908161613
2018-02-23 00:00:00+00:00,0.0018584046263892375
2018-02-24 00:00:00+00:00,-0.0024213193394808127
2018-02-25 00:00:00+00:00,-0.008290413329254391
2018-02-26 00:00:00+00:00,-0.006658796109596934
2018-02-27 00:00:00+00:00,-0.0034411797892477955
2018-02-28 00:00:00+00:00,0.001422456346994211
2018-03-01 00:00:00+00:00,0.0028388607638374684
2018-03-02 00:00:00+00:00,0.007556862458325276
2018-03-03 00:00:00+00:00,0.006634619843532237
2018-03-04 00:00:00+00:00,-0.0013530733644639965
2018-03-05 00:00:00+00:00,-0.0022853368165098144
2018-03-06 00:00:00+00:00,-4.948465778784527e-05
2018-03-07 00:00:00+00:00,0.00479887305566716
2018-03-08 00:00:00+00:00,0.0009001102379491812
2018-03-09 00:00:00+00:00,0.0017546875429386862
2018-03-10 00:00:00+00:00,-0.0008123463266089519
2018-03-11 00:00:00+00:00,-0.005074821515600318
2018-03-12 00:00:00+00:00,-0.007549017231267992
2018-03-13 00:00:00+00:00,-0.0022485592946189397
2018-03-14 00:00:00+00:00,0.0016079452672009683
2018-03-15 00:00:00+00:00,0.001969020312110348
2018-03-16 00:00:00+00:00,0.0013653803126274996
2018-03-17 00:00:00+00:00,-0.00048558684802934475
2018-03-18 00:00:00+00:00,-0.008189732723869095
2018-03-19 00:00:00+00:00,-0.009404625883831837
2018-03-20 00:00:00+00:00,-0.005530435543928116
2018-03-21 00:00:00+00:00,-0.004255893694010917
2018-03-22 00:00:00+00:00,-0.0066496606621781655
2018-03-23 00:00:00+00:00,-0.004485478075080835
2018-03-24 00:00:00+00:00,-0.005841600286283809
2018-03-25 00:00:00+00:00,-0.011247378322057824
2018-03-26 00:00:00+00:00,-0.01264617457534281
2018-03-27 00:00:00+00:00,-0.007281890456444942
2018-03-28 00:00:00+00:00,-0.0019965317678310814
2018-03-29 00:00:00+00:00,-0.0019570140172356057
2018-03-30 00:00:00+00:00,-0.0017552696409192867
2018-03-31 00:00:00+00:00,-0.008552573977657848
2018-04-01 00:00:00+00:00,-0.011237647984524148
2018-04-02 00:00:00+00:00,-0.01224882595743845
2018-04-03 00:00:00+00:00,-0.009521097717086034
2018-04-04 00:00:00+00:00,-0.0010197871902784652
2018-04-05 00:00:00+00:00,0.0002220403389656643
2018-04-06 00:00:00+00:00,-0.003792161511974497
2018-04-07 00:00:00+00:00,-0.006222159596979473
2018-04-08 00:00:00+00:00,-0.010597351103469137
2018-04-09 00:00:00+00:00,-0.011086691951333362
2018-04-10 00:00:00+00:00,-0.004712806184715358
2018-04-11 00:00:00+00:00,0.0008068955855622733
2018-04-12 00:00:00+00:00,0.008480191111971236
2018-04-13 00:00:00+00:00,0.002242441582748613
2018-04-14 00:00:00+00:00,-0.004136615883831121
2018-04-15 00:00:00+00:00,-0.011745968458654894
2018-04-16 00:00:00+00:00,-0.009508018222318703
2018-04-17 00:00:00+00:00,-0.005758510487986472
2018-04-18 00:00:00+00:00,-0.00497618939569444
2018-04-19 00:00:00+00:00,-0.004846789786682604
2018-04-20 00:00:00+00:00,-0.0067825849683689045
2018-04-21 00:00:00+00:00,-0.007915665624606015
2018-04-22 00:00:00+00:00,-0.014379567775029592
2018-04-23 00:00:00+00:00,-0.01192039026748453
2018-04-24 00:00:00+00:00,-0.006476399530162768
2018-04-25 00:00:00+00:00,-0.005342765845848472
2018-04-26 00:00:00+00:00,-0.0037940821318086615
2018-04-27 00:00:00+00:00,-0.00416086537171406
2018-04-28 00:00:00+00:00,-0.006679414810337899
2018-04-29 00:00:00+00:00,-0.011975061637946403
2018-04-30 00:00:00+00:00,-0.010372033232706721
2018-05-01 00:00:00+00:00,-0.005234829742750179
2018-05-02 00:00:00+00:00,-0.001907908824868563
2018-05-03 00:00:00+00:00,-0.0015478319998081555
2018-05-04 00:00:00+00:00,0.0005034225519473527
2018-05-05 00:00:00+00:00,-0.0023255627842288483
2018-05-06 00:00:00+00:00,-0.010606598961155188
2018-05-07 00:00:00+00:00,-0.010644435731445339
2018-05-08 00:00:00+00:00,-0.011031548774299883
2018-05-09 00:00:00+00:00,-0.005329661933293193
2018-05-10 00:00:00+00:00,-0.00293801924909283
2018-05-11 00:00:00+00:00,-0.0052814979754438095
2018-05-12 00:00:00+00:00,-0.007675456733061019
2018-05-13 00:00:00+00:00,-0.012963501994140803
2018-05-14 00:00:00+00:00,-0.011366500651723704
2018-05-15 00:00:00+00:00,-0.006506574914302159
2018-05-16 00:00:00+00:00,-0.004995557435498439
2018-05-17 00:00:00+00:00,-0.0011039969258770346
2018-05-18 00:00:00+00:00,-0.002181643630801801
2018-05-19 00:00:00+00:00,-0.006746435976003858
2018-05-20 00:00:00+00:00,-0.029196756159562572
2018-05-21 00:00:00+00:00,-0.01364188046831153
2018-05-22 00:00:00+00:00,-0.007831947249824677
2018-05-23 00:00:00+00:00,-0.005789200728718417
2018-05-24 00:00:00+00:00,-0.006557131455579858
2018-05-25 00:00:00+00:00,-0.0063401999791865525
2018-05-26 00:00:00+00:00,-0.007708448548653376
2018-05-27 00:00:00+00:00,-0.014780926578696008
2018-05-28 00:00:00+00:00,-0.01596276715450684
2018-05-29 00:00:00+00:00,-0.006692124573278502
2018-05-30 00:00:00+00:00,0.0027774002657328088
2018-05-31 00:00:00+00:00,0.00601645924971345
2018-06-01 00:00:00+00:00,-0.0013435982046643502
2018-06-02 00:00:00+00:00,-0.005628933262753794
2018-06-03 00:00:00+00:00,-0.013207343697369657
2018-06-04 00:00:00+00:00,-0.014043486115787233
2018-06-05 00:00:00+00:00,-0.00531746408140721
2018-06-06 00:00:00+00:00,-0.005408969714149983
2018-06-07 00:00:00+00:00,-0.00542337061517393
2018-06-08 00:00:00+00:00,-0.004332332332177199
2018-06-09 00:00:00+00:00,-0.005547986914973663
2018-06-10 00:00:00+00:00,-0.01413810748886873
2018-06-11 00:00:00+00:00,-0.015201571459927756
2018-06-12 00:00:00+00:00,-0.004870115493112093
2018-06-13 00:00:00+00:00,-0.0018642729919421236
2018-06-14 00:00:00+00:00,-0.0015218805722864719
2018-06-15 00:00:00+00:00,-0.0014750558130076064
2018-06-16 00:00:00+00:00,-0.005047913187371387
2018-06-17 00:00:00+00:00,-0.012777211917266683
2018-06-18 00:00:00+00:00,-0.012451388740339932
2018-06-19 00:00:00+00:00,-0.00328600524875392
2018-06-20 00:00:00+00:00,-0.0021821290191574045
2018-06-21 00:00:00+00:00,-0.0017865056595146402
2018-06-22 00:00:00+00:00,-0.003927165311050019
2018-06-23 00:00:00+00:00,-0.003501712949641048
2018-06-24 00:00:00+00:00,-0.01286721654122638
2018-06-25 00:00:00+00:00,-0.01333756917746605
2018-06-26 00:00:00+00:00,-0.0039392238626107514
2018-06-27 00:00:00+00:00,-0.0022149334435545153
2018-06-28 00:00:00+00:00,0.00014585015215713877
2018-06-29 00:00:00+00:00,-0.0012634938453214128
2018-06-30 00:00:00+00:00,-0.007019394203107526
2018-07-01 00:00:00+00:00,-0.015897349052702313
2018-07-02 00:00:00+00:00,-0.015350461283602745
2018-07-03 00:00:00+00:00,-0.007897981058921241
2018-07-04 00:00:00+00:00,-0.007946826714564335
2018-07-05 00:00:00+00:00,-0.008370432464500612
2018-07-06 00:00:00+00:00,-0.008449911826662604
2018-07-07 00:00:00+00:00,-0.010641123053432568
2018-07-08 00:00:00+00:00,-0.019951329920310533
2018-07-09 00:00:00+00:00,-0.01905749278202401
2018-07-10 00:00:00+00:00,-0.010967380900830947
2018-07-11 00:00:00+00:00,-0.00784059621999193
2018-07-12 00:00:00+00:00,-0.007547970028196176
2018-07-13 00:00:00+00:00,-0.0045522851532925224
2018-07-14 00:00:00+00:00,-0.011777750663964547
2018-07-15 00:00:00+00:00,-0.020768077339289214
2018-07-16 00:00:00+00:00,-0.018463106274781496
2018-07-17 00:00:00+00:00,-0.01007112785853397
2018-07-18 00:00:00+00:00,-0.00908713584205869
2018-07-19 00:00:00+00:00,-0.008751064461618793
2018-07-20 00:00:00+00:00,-0.008715645249126984
2018-07-21 00:00:00+00:00,-0.010620508907222551
2018-07-22 00:00:00+00:00,-0.017734670580897796
2018-07-23 00:00:00+00:00,-0.016211073571760153
2018-07-24 00:00:00+00:00,-0.009483980235386241
2018-07-25 00:00:00+00:00,-0.006422687176063582
2018-07-26 00:00:00+00:00,-0.00916104190706471
2018-07-27 00:00:00+00:00,-0.010072915733053462
2018-07-28 00:00:00+00:00,-0.011967357474852246
2018-07-29 00:00:00+00:00,-0.019419120555788382
2018-07-30 00:00:00+00:00,-0.016149676585869452
2018-07-31 00:00:00+00:00,-0.009078770955044044
2018-08-01 00:00:00+00:00,-0.006695320100901057
2018-08-02 00:00:00+00:00,-0.006795300702213396
2018-08-03 00:00:00+00:00,-0.008153091482936962
2018-08-04 00:00:00+00:00,-0.01136103296734776
2018-08-05 00:00:00+00:00,-0.020010218186747628
2018-08-06 00:00:00+00:00,-0.018353186212638754
2018-08-07 00:00:00+00:00,-0.01035719060404805
2018-08-08 00:00:00+00:00,-0.007628839359005821
2018-08-09 00:00:00+00:00,-0.00734022133520529
2018-08-10 00:00:00+00:00,-0.007207752235013266
2018-08-11 00:00:00+00:00,-0.008260394873994468
2018-08-12 00:00:00+00:00,-0.016360945930717047
2018-08-13 00:00:00+00:00,-0.013666676732295872
2018-08-14 00:00:00+00:00,-0.012698772847544471
2018-08-15 00:00:00+00:00,-0.013754651966035154
2018-08-16 00:00:00+00:00,-0.00963515011919834
2018-08-17 00:00:00+00:00,-0.009949955991279935
2018-08-18 00:00:00+00:00,-0.014088180718519883
2018-08-19 00:00:00+00:00,-0.020601007764256597
2018-08-20 00:00:00+00:00,-0.02303734337820229
2018-08-21 00:00:00+00:00,-0.007730855154327787
2018-08-22 00:00:00+00:00,-0.010904123610686583
2018-08-23 00:00:00+00:00,-0.011436469551860716
2018-08-24 00:00:00+00:00,-0.007340336881804511
2018-08-25 00:00:00+00:00,-0.01016359297696123
2018-08-26 00:00:00+00:00,-0.016819400635620773
2018-08-27 00:00:00+00:00,-0.015287982714593178
2018-08-28 00:00:00+00:00,-0.011323494509772027
2018-08-29 00:00:00+00:00,-0.004533192086037478
2018-08-30 00:00:00+00:00,-0.005699510703279587
2018-08-31 00:00:00+00:00,-0.006092050703862328
2018-09-01 00:00:00+00:00,-0.008056180175305759
2018-09-02 00:00:00+00:00,-0.014449566062241976
2018-09-03 00:00:00+00:00,-0.014318735273266447
2018-09-04 00:00:00+00:00,-0.0077888009616547405
2018-09-05 00:00:00+00:00,-0.006691403068362667
2018-09-06 00:00:00+00:00,-0.007069795384175731
2018-09-07 00:00:00+00:00,-0.006761667229153179
2018-09-08 00:00:00+00:00,-0.011131532615209647
2018-09-09 00:00:00+00:00,-0.012975313418894047
2018-09-10 00:00:00+00:00,-0.013934172238452967
2018-09-11 00:00:00+00:00,-0.007534687322740779
2018-09-12 00:00:00+00:00,-0.005305710109731824
2018-09-13 00:00:00+00:00,-0.0037685736468015024
2018-09-14 00:00:00+00:00,-0.005119517742270624
2018-09-15 00:00:00+00:00,-0.006234323365705568
2018-09-16 00:00:00+00:00,-0.01093839719137243
2018-09-17 00:00:00+00:00,-0.011389355418223309
2018-09-18 00:00:00+00:00,-0.005956876896611847
2018-09-19 00:00:00+00:00,-0.003907595117632182
2018-09-20 00:00:00+00:00,-0.004954200037448779
2018-09-21 00:00:00+00:00,-0.005131606326119489
2018-09-22 00:00:00+00:00,-0.006333511357688308
2018-09-23 00:00:00+00:00,-0.01021109684997979
2018-09-24 00:00:00+00:00,-0.008761044703419138
2018-09-25 00:00:00+00:00,-0.005542577729503334
2018-09-26 00:00:00+00:00,-0.004096893786767716
2018-09-27 00:00:00+00:00,-0.002103826082602868
2018-09-28 00:00:00+00:00,0.0006890652178627417
2018-09-29 00:00:00+00:00,-0.0011344176451768338
2018-09-30 00:00:00+00:00,-0.00857091021802831
2018-10-01 00:00:00+00:00,-0.008339092509600363
2018-10-02 00:00:00+00:00,-0.004120352450527545
2018-10-03 00:00:00+00:00,-0.00031739573000534507
2018-10-04 00:00:00+00:00,-0.0009504046182562793
2018-10-05 00:00:00+00:00,-0.0018584043266812
2018-10-06 00:00:00+00:00,-0.0030612487220979825
2018-10-07 00:00:00+00:00,-0.010249526445448161
2018-10-08 00:00:00+00:00,-0.009144528901110078
2018-10-09 00:00:00+00:00,-0.004652223083904235
2018-10-10 00:00:00+00:00,-0.0052727760502469904
2018-10-11 00:00:00+00:00,-0.0011269414080658656
2018-10-12 00:00:00+00:00,-0.00039659004640846696
2018-10-13 00:00:00+00:00,-0.002469380743529046
2018-10-14 00:00:00+00:00,-0.011339987497085036
2018-10-15 00:00:00+00:00,-0.010942189625629775
2018-10-16 00:00:00+00:00,-0.0043658001569011895
2018-10-17 00:00:00+00:00,-0.0005063185222178752
2018-10-18 00:00:00+00:00,-0.0013044159068933891
2018-10-19 00:00:00+00:00,-0.0019015451255407038
2018-10-20 00:00:00+00:00,-0.001877543093170273
2018-10-21 00:00:00+00:00,-0.00850810543220653
2018-10-22 00:00:00+00:00,-0.009863828553358135
2018-10-23 00:00:00+00:00,-0.003006318952710414
2018-10-24 00:00:00+00:00,0.00291636485359628
2018-10-25 00:00:00+00:00,0.0021662687782059535
2018-10-26 00:00:00+00:00,0.00040758447993171753
2018-10-27 00:00:00+00:00,-0.0012336810115196337
2018-10-28 00:00:00+00:00,-0.009788668316400784
2018-10-29 00:00:00+00:00,-0.009161976171469223
2018-10-30 00:00:00+00:00,-0.0014794362626688114
2018-10-31 00:00:00+00:00,-0.0014733754307955254
2018-11-01 00:00:00+00:00,-0.0038143894762765166
2018-11-02 00:00:00+00:00,-0.002871397807274387
2018-11-03 00:00:00+00:00,-0.004405797134943584
2018-11-04 00:00:00+00:00,-0.008789212991911533
2018-11-05 00:00:00+00:00,-0.00865775733257024
2018-11-06 00:00:00+00:00,-0.00440138297709553
2018-11-07 00:00:00+00:00,0.0009001858780209354
2018-11-08 00:00:00+00:00,0.004355266680092635
2018-11-09 00:00:00+00:00,0.003418233030376561
2018-11-10 00:00:00+00:00,0.002131222986314776
2018-11-11 00:00:00+00:00,-0.0024714165360620317
2018-11-12 00:00:00+00:00,-0.001914405040742177
2018-11-13 00:00:00+00:00,0.00130396970867335
2018-11-14 00:00:00+00:00,0.004311108915944366
2018-11-15 00:00:00+00:00,0.006747753455107652
2018-11-16 00:00:00+00:00,0.003455485468109915
2018-11-17 00:00:00+00:00,0.0026422386263117554
2018-11-18 00:00:00+00:00,-0.003992154111236409
2018-11-19 00:00:00+00:00,-0.0059258238018723
2018-11-20 00:00:00+00:00,0.0011864387460088373
2018-11-21 00:00:00+00:00,0.0020475051389514842
2018-11-22 00:00:00+00:00,0.0013743079834041315
2018-11-23 00:00:00+00:00,0.002380350436609339
2018-11-24 00:00:00+00:00,0.002203764541022497
2018-11-25 00:00:00+00:00,-0.0022236973699772122
2018-11-26 00:00:00+00:00,-0.001452351267401582
2018-11-27 00:00:00+00:00,0.004769785141313213
2018-11-28 00:00:00+00:00,0.007407164893172986
2018-11-29 00:00:00+00:00,0.006045856481262846
2018-11-30 00:00:00+00:00,0.003411523639552194
2018-12-01 00:00:00+00:00,-0.0021941498589282088
2018-12-02 00:00:00+00:00,-0.004635238586021344
2018-12-03 00:00:00+00:00,-0.0026141883430986766
2018-12-04 00:00:00+00:00,0.003199698505263626
2018-12-05 00:00:00+00:00,0.004566293074526138
2018-12-06 00:00:00+00:00,0.0058144249512927775
2018-12-07 00:00:00+00:00,0.001443087847615473
2018-12-08 00:00:00+00:00,0.005172355912813672
2018-12-09 00:00:00+00:00,-0.0018465320693214107
2018-12-10 00:00:00+00:00,-0.003880993601626058
2018-12-11 00:00:00+00:00,0.003727947739634789
2018-12-12 00:00:00+00:00,0.0074830898294162545
2018-12-13 00:00:00+00:00,0.007707399922373936
2018-12-14 00:00:00+00:00,0.006194807591413623
2018-12-15 00:00:00+00:00,0.004199155697059059
2018-12-16 00:00:00+00:00,-0.002543562656938388
2018-12-17 00:00:00+00:00,-0.0018588605555669704
2018-12-18 00:00:00+00:00,0.0025679784265124927
2018-12-19 00:00:00+00:00,0.005782561973505781
2018-12-20 00:00:00+00:00,0.005952979772080871
2018-12-21 00:00:00+00:00,0.004530564266310887
2018-12-22 00:00:00+00:00,0.001074109456420351
2018-12-23 00:00:00+00:00,-0.004651228542602178
2018-12-24 00:00:00+00:00,-0.0075492467308811255
2018-12-25 00:00:00+00:00,-0.010720871824435905
2018-12-26 00:00:00+00:00,-0.009158564287734188
2018-12-27 00:00:00+00:00,-0.0070240794091814395
2018-12-28 00:00:00+00:00,-0.0037899453245301027
2018-12-29 00:00:00+00:00,-0.0045491041454224414
2018-12-30 00:00:00+00:00,-0.005852846219902093
2018-12-31 00:00:00+00:00,-0.0061662817935777044
2019-01-01 00:00:00+00:00,-0.007536919473258321
2019-01-02 00:00:00+00:00,-0.006095757307454078
2019-01-03 00:00:00+00:00,0.0017923830671469367
2019-01-04 00:00:00+00:00,0.00401311780581925
2019-01-05 00:00:00+00:00,0.0018262456647985042
2019-01-06 00:00:00+00:00,-0.004046585892837807
2019-01-07 00:00:00+00:00,-0.003665034104125295
2019-01-08 00:00:00+00:00,0.004376042569750913
2019-01-09 00:00:00+00:00,0.005333614574283713
2019-01-10 00:00:00+00:00,0.007908632640102931
2019-01-11 00:00:00+00:00,0.006598514376616812
2019-01-12 00:00:00+00:00,0.006336941538861017
2019-01-13 00:00:00+00:00,0.0017193980349638972
2019-01-14 00:00:00+00:00,0.0011225419774305444
2019-01-15 00:00:00+00:00,0.006495421293580645
2019-01-16 00:00:00+00:00,0.008047585448761801
2019-01-17 00:00:00+00:00,0.0054939321781447515
2019-01-18 00:00:00+00:00,0.004623577712489248
2019-01-19 00:00:00+00:00,0.003888970242204417
2019-01-20 00:00:00+00:00,-0.004801839096505151
2019-01-21 00:00:00+00:00,-0.006059422575563918
2019-01-22 00:00:00+00:00,0.0018810130927884821
2019-01-23 00:00:00+00:00,0.0026476987833806364
2019-01-24 00:00:00+00:00,0.0036920782554920955
2019-01-25 00:00:00+00:00,0.003450184061719976
2019-01-26 00:00:00+00:00,0.0022727475709811086
2019-01-27 00:00:00+00:00,-0.005805223438390761
2019-01-28 00:00:00+00:00,-0.006263264680209535
2019-01-29 00:00:00+00:00,-0.0012201657366244182
2019-01-30 00:00:00+00:00,0.0033171505743081623
2019-01-31 00:00:00+00:00,0.002177558142950316
2019-02-01 00:00:00+00:00,0.0009056330616062629
2019-02-02 00:00:00+00:00,-0.0010611830163752565
2019-02-03 00:00:00+00:00,-0.009719744178726598
2019-02-04 00:00:00+00:00,-0.00962967817647852
2019-02-05 00:00:00+00:00,-0.0024965498236390144
2019-02-06 00:00:00+00:00,-0.000664168608076695
2019-02-07 00:00:00+00:00,-9.202037861499347e-05
2019-02-08 00:00:00+00:00,-0.0004591051870572534
2019-02-09 00:00:00+00:00,-0.003458450992370489
2019-02-10 00:00:00+00:00,-0.008617886349165086
2019-02-11 00:00:00+00:00,-0.009564580933523891
2019-02-12 00:00:00+00:00,-0.004027952068619532
2019-02-13 00:00:00+00:00,-0.0026456210610722097
2019-02-14 00:00:00+00:00,-0.00036289557341024486
2019-02-15 00:00:00+00:00,-0.001277273456224848
2019-02-16 00:00:00+00:00,-0.001672013092960319
2019-02-17 00:00:00+00:00,-0.01080080147023272
2019-02-18 00:00:00+00:00,-0.011240933334671197
2019-02-19 00:00:00+00:00,-0.0016865127285818587
2019-02-20 00:00:00+00:00,-0.001137321269533371
2019-02-21 00:00:00+00:00,-0.000672397559310619
2019-02-22 00:00:00+00:00,-0.0012716140531384458
2019-02-23 00:00:00+00:00,-0.0019234856488072323
2019-02-24 00:00:00+00:00,-0.009823540715619597
2019-02-25 00:00:00+00:00,-0.009901461197480988
2019-02-26 00:00:00+00:00,-0.00324017989854615
2019-02-27 00:00:00+00:00,-0.0007651703136352587
2019-02-28 00:00:00+00:00,0.0011656055452629217
2019-03-01 00:00:00+00:00,0.0009313865717297319
2019-03-02 00:00:00+00:00,-0.0020668285378178082
2019-03-03 00:00:00+00:00,-0.008997490670524478
2019-03-04 00:00:00+00:00,-0.009476412430388052
2019-03-05 00:00:00+00:00,-0.003415334884773815
2019-03-06 00:00:00+00:00,0.0013150409436393853
2019-03-07 00:00:00+00:00,0.004532178572594812
2019-03-08 00:00:00+00:00,0.0020019317303223275
2019-03-09 00:00:00+00:00,-0.0002827961014211771
2019-03-10 00:00:00+00:00,-0.007894769111726523
2019-03-11 00:00:00+00:00,-0.007624960811986585
2019-03-12 00:00:00+00:00,-0.001639088533810163
2019-03-13 00:00:00+00:00,0.0020008726923529977
2019-03-14 00:00:00+00:00,0.002672355033835017
2019-03-15 00:00:00+00:00,-0.000594459155829737
2019-03-16 00:00:00+00:00,-0.0017641289680540686
2019-03-17 00:00:00+00:00,-0.01003495507828233
2019-03-18 00:00:00+00:00,-0.011587662441154336
2019-03-19 00:00:00+00:00,-0.0033776283467396727
2019-03-20 00:00:00+00:00,-4.702803346817112e-06
2019-03-21 00:00:00+00:00,0.0021785124969223306
2019-03-22 00:00:00+00:00,-0.0020784958907855066
2019-03-23 00:00:00+00:00,-0.00249732293238701
2019-03-24 00:00:00+00:00,-0.011850273057571343
2019-03-25 00:00:00+00:00,-0.012833043454645733
2019-03-26 00:00:00+00:00,-0.004332712943384545
2019-03-27 00:00:00+00:00,-0.0038179424937018723
2019-03-28 00:00:00+00:00,-0.002174493657850412
2019-03-29 00:00:00+00:00,-0.001973269744677349
2019-03-30 00:00:00+00:00,-0.002652520915457142
2019-03-31 00:00:00+00:00,-0.011913571755676033
2019-04-01 00:00:00+00:00,-0.012386237490343413
2019-04-02 00:00:00+00:00,-0.0033174708123346296
2019-04-03 00:00:00+00:00,-0.0013477047213931552
2019-04-04 00:00:00+00:00,-0.002212656177072053
2019-04-05 00:00:00+00:00,-0.003607965801438142
2019-04-06 00:00:00+00:00,-0.0063746307662542155
2019-04-07 00:00:00+00:00,-0.013986154868384294
2019-04-08 00:00:00+00:00,-0.012600831126181091
2019-04-09 00:00:00+00:00,-0.006856876580482553
2019-04-10 00:00:00+00:00,-0.004917720272949911
2019-04-11 00:00:00+00:00,-0.0036094222055360163
2019-04-12 00:00:00+00:00,-0.006630790347479289
2019-04-13 00:00:00+00:00,-0.007255285596783156
2019-04-14 00:00:00+00:00,-0.015219853668652817
2019-04-15 00:00:00+00:00,-0.014258113515389274
2019-04-16 00:00:00+00:00,-0.005554449280493314
2019-04-17 00:00:00+00:00,-0.0032358991256109066
2019-04-18 00:00:00+00:00,-0.002976206350902986
2019-04-19 00:00:00+00:00,-0.007810218891778157
2019-04-20 00:00:00+00:00,-0.01793568007663724
2019-04-21 00:00:00+00:00,-0.02138156543274909
2019-04-22 00:00:00+00:00,-0.02089436373307023
2019-04-23 00:00:00+00:00,-0.01705343882737862
2019-04-24 00:00:00+00:00,-0.005923525170724012
2019-04-25 00:00:00+00:00,-0.004890634782868871
2019-04-26 00:00:00+00:00,-0.005224254259447252
2019-04-27 00:00:00+00:00,-0.006759269723124238
2019-04-28 00:00:00+00:00,-0.014357943160293296
2019-04-29 00:00:00+00:00,-0.014694919635626358
2019-04-30 00:00:00+00:00,-0.0060514573516174345
2019-05-01 00:00:00+00:00,-0.0037945044520913368
2019-05-02 00:00:00+00:00,-0.004769586654507042
2019-05-03 00:00:00+00:00,-0.005485379656527954
2019-05-04 00:00:00+00:00,-0.006833409425315476
2019-05-05 00:00:00+00:00,-0.013699463931139823
2019-05-06 00:00:00+00:00,-0.014430179344152097
2019-05-07 00:00:00+00:00,-0.01152724365021314
2019-05-08 00:00:00+00:00,-0.0038803160331850857
2019-05-09 00:00:00+00:00,-0.001564000195239028
2019-05-10 00:00:00+00:00,0.001186793067647358
2019-05-11 00:00:00+00:00,-0.004118899435932195
2019-05-12 00:00:00+00:00,-0.01368745093096108
2019-05-13 00:00:00+00:00,-0.013074961003402562
2019-05-14 00:00:00+00:00,-0.005389606903237111
2019-05-15 00:00:00+00:00,-0.004500541927605683
2019-05-16 00:00:00+00:00,-0.0043345173270216445
2019-05-17 00:00:00+00:00,-0.0066380899606472595
2019-05-18 00:00:00+00:00,-0.007702200742996578
2019-05-19 00:00:00+00:00,-0.015685465190540072
2019-05-20 00:00:00+00:00,-0.015102831180627309
2019-05-21 00:00:00+00:00,-0.004609369607580745
2019-05-22 00:00:00+00:00,-0.006149287999141117
2019-05-23 00:00:00+00:00,-0.0039044937390156163
2019-05-24 00:00:00+00:00,-0.0035565449834248676
2019-05-25 00:00:00+00:00,-0.0034414692610236835
2019-05-26 00:00:00+00:00,-0.013177874091880096
2019-05-27 00:00:00+00:00,-0.013239617985482892
2019-05-28 00:00:00+00:00,-0.009974234560774795
2019-05-29 00:00:00+00:00,-0.0023695509669943117
2019-05-30 00:00:00+00:00,0.0003950841110738736
2019-05-31 00:00:00+00:00,-0.0011385503846785788
2019-06-01 00:00:00+00:00,-0.0029442054494506304
2019-06-02 00:00:00+00:00,-0.013467286525018
2019-06-03 00:00:00+00:00,-0.01299232373499845
2019-06-04 00:00:00+00:00,-0.002717932138672958
2019-06-05 00:00:00+00:00,0.000721142923365857
2019-06-06 00:00:00+00:00,0.00020040252690968702
2019-06-07 00:00:00+00:00,-0.002872449594591331
2019-06-08 00:00:00+00:00,-0.005382852226934113
2019-06-09 00:00:00+00:00,-0.013561766365257154
2019-06-10 00:00:00+00:00,-0.01357905294412135
2019-06-11 00:00:00+00:00,-0.004396448898843462
2019-06-12 00:00:00+00:00,-0.0023378225220625996
2019-06-13 00:00:00+00:00,-0.0020484096346642558
2019-06-14 00:00:00+00:00,-0.0038800984215997783
2019-06-15 00:00:00+00:00,-0.005644968902898709
2019-06-16 00:00:00+00:00,-0.015782970446666763
2019-06-17 00:00:00+00:00,-0.012227135079974662
2019-06-18 00:00:00+00:00,-0.00518304735050242
2019-06-19 00:00:00+00:00,-0.0053671131331143275
2019-06-20 00:00:00+00:00,-0.0062111284954418965
2019-06-21 00:00:00+00:00,-0.0068878341401294885
2019-06-22 00:00:00+00:00,-0.008812768367189697
2019-06-23 00:00:00+00:00,-0.01703874963062731
2019-06-24 00:00:00+00:00,-0.01562931446026017
2019-06-25 00:00:00+00:00,-0.006419831904197206
2019-06-26 00:00:00+00:00,-0.004115106263287603
2019-06-27 00:00:00+00:00,-0.003570722638941877
2019-06-28 00:00:00+00:00,-0.0037072297590805977
2019-06-29 00:00:00+00:00,-0.007683021955762062
2019-06-30 00:00:00+00:00,-0.026045691116950216
2019-07-01 00:00:00+00:00,-0.023237529236788644
2019-07-02 00:00:00+00:00,-0.014946312111837862
2019-07-03 00:00:00+00:00,-0.01269583315925863
2019-07-04 00:00:00+00:00,-0.015076405871609884
2019-07-05 00:00:00+00:00,-0.017056629592046606
2019-07-06 00:00:00+00:00,-0.01887246737435492
2019-07-07 00:00:00+00:00,-0.024466261751716418
2019-07-08 00:00:00+00:00,-0.02411064406023762
2019-07-09 00:00:00+00:00,-0.01822800052987697
2019-07-10 00:00:00+00:00,-0.016372083767579614
2019-07-11 00:00:00+00:00,-0.012119147415958481
2019-07-12 00:00:00+00:00,-0.005623433080840959
2019-07-13 00:00:00+00:00,-0.009471052027054241
2019-07-14 00:00:00+00:00,-0.028389913095537185
2019-07-15 00:00:00+00:00,-0.025509840629436856
2019-07-16 00:00:00+00:00,-0.017348880215185214
2019-07-17 00:00:00+00:00,-0.015197176687437369
2019-07-18 00:00:00+00:00,-0.016411210101163618
2019-07-19 00:00:00+00:00,-0.01832658228322797
2019-07-20 00:00:00+00:00,-0.01961250534162037
2019-07-21 00:00:00+00:00,-0.025394168300102177
2019-07-22 00:00:00+00:00,-0.02259063912841775
2019-07-23 00:00:00+00:00,-0.01773945163763001
2019-07-24 00:00:00+00:00,-0.018264912941201344
2019-07-25 00:00:00+00:00,-0.018894995185966525
2019-07-26 00:00:00+00:00,-0.020122520587528284
2019-07-27 00:00:00+00:00,-0.02152310846660121
2019-07-28 00:00:00+00:00,-0.026016428308719836
2019-07-29 00:00:00+00:00,-0.025183482655530092
2019-07-30 00:00:00+00:00,-0.019189796433870747
2019-07-31 00:00:00+00:00,-0.0179139307520498
2019-08-01 00:00:00+00:00,-0.01809402304096361
2019-08-02 00:00:00+00:00,-0.01744917062953648
2019-08-03 00:00:00+00:00,-0.020008709618581793
2019-08-04 00:00:00+00:00,-0.026650805171412262
2019-08-05 00:00:00+00:00,-0.02522181913159924
2019-08-06 00:00:00+00:00,-0.018619661579472743
2019-08-07 00:00:00+00:00,-0.017373061366081126
2019-08-08 00:00:00+00:00,-0.018237318143654816
2019-08-09 00:00:00+00:00,-0.019380238714546853
2019-08-10 00:00:00+00:00,-0.021234843729439873
2019-08-11 00:00:00+00:00,-0.02461859287271113
2019-08-12 00:00:00+00:00,-0.02339047811054176
2019-08-13 00:00:00+00:00,-0.018287121155666844
2019-08-14 00:00:00+00:00,-0.015210503159376691
2019-08-15 00:00:00+00:00,-0.011034222779294056
2019-08-16 00:00:00+00:00,-0.016035476689448453
2019-08-17 00:00:00+00:00,-0.017501564034765917
2019-08-18 00:00:00+00:00,-0.021925684860021565
2019-08-19 00:00:00+00:00,-0.02144423179169638
2019-08-20 00:00:00+00:00,-0.01513350029397399
2019-08-21 00:00:00+00:00,-0.014110017375931126
2019-08-22 00:00:00+00:00,-0.013900388512316543
2019-08-23 00:00:00+00:00,-0.013313253733075929
2019-08-24 00:00:00+00:00,-0.015173354162742196
2019-08-25 00:00:00+00:00,-0.022063445790230472
2019-08-26 00:00:00+00:00,-0.022911464821116334
2019-08-27 00:00:00+00:00,-0.018906989263093085
2019-08-28 00:00:00+00:00,-0.0121798694946939
2019-08-29 00:00:00+00:00,-0.010368219311381353
2019-08-30 00:00:00+00:00,-0.012111562345895825
2019-08-31 00:00:00+00:00,-0.015185054146804712
2019-09-01 00:00:00+00:00,-0.018558535639696495
2019-09-02 00:00:00+00:00,-0.018290144423814655
2019-09-03 00:00:00+00:00,-0.012915711907292132
2019-09-04 00:00:00+00:00,-0.009169288456169256
2019-09-05 00:00:00+00:00,-0.014191609651305689
2019-09-06 00:00:00+00:00,-0.014349673539454669
2019-09-07 00:00:00+00:00,-0.014617962590281948
2019-09-08 00:00:00+00:00,-0.0199617246295977
2019-09-09 00:00:00+00:00,-0.017824852008138332
2019-09-10 00:00:00+00:00,-0.01436066901826346
2019-09-11 00:00:00+00:00,-0.013587359241634232
2019-09-12 00:00:00+00:00,-0.01377375050676616
2019-09-13 00:00:00+00:00,-0.014949364063875092
2019-09-14 00:00:00+00:00,-0.01589765353395495
2019-09-15 00:00:00+00:00,-0.01960079520678201
2019-09-16 00:00:00+00:00,-0.018234913971212734
2019-09-17 00:00:00+00:00,-0.01158790087556007
2019-09-18 00:00:00+00:00,-0.009146713521851986
2019-09-19 00:00:00+00:00,-0.014487350040106959
2019-09-20 00:00:00+00:00,-0.018123450277058317
2019-09-21 00:00:00+00:00,-0.017365253480806135
2019-09-22 00:00:00+00:00,-0.022351211609355562
2019-09-23 00:00:00+00:00,-0.021369500754856916
2019-09-24 00:00:00+00:00,-0.016946707605369718
2019-09-25 00:00:00+00:00,-0.015111881250204488
2019-09-26 00:00:00+00:00,-0.014124188606413965
2019-09-27 00:00:00+00:00,-0.015191672417364854
2019-09-28 00:00:00+00:00,-0.01622876471217272
2019-09-29 00:00:00+00:00,-0.021412735189735653
2019-09-30 00:00:00+00:00,-0.01969555670846027
2019-10-01 00:00:00+00:00,-0.013771207776401105
2019-10-02 00:00:00+00:00,-0.010692666991828406
2019-10-03 00:00:00+00:00,-0.012344858685909272
2019-10-04 00:00:00+00:00,-0.011668093114164568
2019-10-05 00:00:00+00:00,-0.011935762841299836
2019-10-06 00:00:00+00:00,-0.015216010560275
2019-10-07 00:00:00+00:00,-0.014658631204069357
2019-10-08 00:00:00+00:00,-0.0103549116105414
2019-10-09 00:00:00+00:00,-0.009423860400838877
2019-10-10 00:00:00+00:00,-0.009137366842078026
2019-10-11 00:00:00+00:00,-0.010305203759085927
2019-10-12 00:00:00+00:00,-0.009673190897478489
2019-10-13 00:00:00+00:00,-0.012731772284848807
2019-10-14 00:00:00+00:00,-0.013001916178690792
2019-10-15 00:00:00+00:00,-0.0062374731439897016
2019-10-16 00:00:00+00:00,-0.0008221076017060974
2019-10-17 00:00:00+00:00,-2.2449281661046918e-05
2019-10-18 00:00:00+00:00,-0.002560494918792824
2019-10-19 00:00:00+00:00,-0.006655137482315491
2019-10-20 00:00:00+00:00,-0.008046494900930895
2019-10-21 00:00:00+00:00,-0.006347448521397685
2019-10-22 00:00:00+00:00,-0.0032601594715723696
2019-10-23 00:00:00+00:00,-0.002954887339257222
2019-10-24 00:00:00+00:00,-0.0008843595509504829
2019-10-25 00:00:00+00:00,6.793611565822274e-05
2019-10-26 00:00:00+00:00,-0.002614211274203204
2019-10-27 00:00:00+00:00,-0.007882786015582644
2019-10-28 00:00:00+00:00,-0.0019865440559249594
2019-10-29 00:00:00+00:00,0.0017419840070604414
2019-10-30 00:00:00+00:00,0.0009137068994643703
2019-10-31 00:00:00+00:00,-0.0015717829557060495
2019-11-01 00:00:00+00:00,-0.0061675176832507155
2019-11-02 00:00:00+00:00,-0.006660395522813583
2019-11-03 00:00:00+00:00,-0.009903222509738937
2019-11-04 00:00:00+00:00,-0.009711061753033993
2019-11-05 00:00:00+00:00,-0.002261865042216415
2019-11-06 00:00:00+00:00,-0.005015301499390107
2019-11-07 00:00:00+00:00,-0.004246119074238215
2019-11-08 00:00:00+00:00,-0.0028594958038377157
2019-11-09 00:00:00+00:00,-0.004235362264201027
2019-11-10 00:00:00+00:00,-0.007786413602495111
2019-11-11 00:00:00+00:00,-0.00616562983489545
2019-11-12 00:00:00+00:00,-0.0024440392863807068
2019-11-13 00:00:00+00:00,-0.0011942997846600277
2019-11-14 00:00:00+00:00,-0.0018800431187395768
2019-11-15 00:00:00+00:00,-0.002604554126767193
2019-11-16 00:00:00+00:00,-0.0038710845210923567
2019-11-17 00:00:00+00:00,-0.007804054528095967
2019-11-18 00:00:00+00:00,-0.007753248096922096
2019-11-19 00:00:00+00:00,-0.00393267840216645
2019-11-20 00:00:00+00:00,-0.0036596566253613376
2019-11-21 00:00:00+00:00,-0.0032535976609620737
2019-11-22 00:00:00+00:00,-0.0015046923948207028
2019-11-23 00:00:00+00:00,-0.0016822098953943967
2019-11-24 00:00:00+00:00,-0.003890190210876604
2019-11-25 00:00:00+00:00,-0.004201981389684485
2019-11-26 00:00:00+00:00,-0.0014366566214143808
2019-11-27 00:00:00+00:00,-0.00299432059215874
2019-11-28 00:00:00+00:00,0.0011399279107973813
2019-11-29 00:00:00+00:00,-0.0049602112680165854
2019-11-30 00:00:00+00:00,-0.009087618331656689
2019-12-01 00:00:00+00:00,-0.009739673960375417
2019-12-02 00:00:00+00:00,-0.011156629089506726
2019-12-03 00:00:00+00:00,-0.00780973176966465
2019-12-04 00:00:00+00:00,-0.0042077202475247
2019-12-05 00:00:00+00:00,-0.0020793287966320304
2019-12-06 00:00:00+00:00,-0.001771136534396495
2019-12-07 00:00:00+00:00,-0.0067317983678070546
2019-12-08 00:00:00+00:00,0.0004258254572810237
2019-12-09 00:00:00+00:00,-0.004111675362568445
2019-12-10 00:00:00+00:00,-0.007616996808655217
2019-12-11 00:00:00+00:00,-0.005874451615579405
2019-12-12 00:00:00+00:00,-0.0046739529843877504
2019-12-13 00:00:00+00:00,-0.00521496727971508
2019-12-14 00:00:00+00:00,-0.005594817738382472
2019-12-15 00:00:00+00:00,-0.0077015360382456715
2019-12-16 00:00:00+00:00,-0.006549333428339812
2019-12-17 00:00:00+00:00,-0.007535943818895777
2019-12-18 00:00:00+00:00,-0.0060138523678741375
2019-12-19 00:00:00+00:00,-0.00368424441953979
2019-12-20 00:00:00+00:00,-0.002579789416612824
2019-12-21 00:00:00+00:00,-0.006207368726340989
2019-12-22 00:00:00+00:00,-0.009088177831862308
2019-12-23 00:00:00+00:00,-0.005119657077794078
2019-12-24 00:00:00+00:00,-0.011459947075481597
2019-12-25 00:00:00+00:00,-0.010516503613309821
2019-12-26 00:00:00+00:00,-0.016164922636950952
2019-12-27 00:00:00+00:00,-0.011817091202711434
2019-12-28 00:00:00+00:00,-0.010919408838809862
2019-12-29 00:00:00+00:00,-0.012682962451108257
2019-12-30 00:00:00+00:00,-0.011203434878552066
2019-12-31 00:00:00+00:00,-0.008780917798537237
2020-01-01 00:00:00+00:00,-0.015256062291392196
2020-01-02 00:00:00+00:00,-0.008438097243956758
2020-01-03 00:00:00+00:00,-0.00011356326897404308
2020-01-04 00:00:00+00:00,-0.004292924552857691
2020-01-05 00:00:00+00:00,-0.011253308002849318
2020-01-06 00:00:00+00:00,-0.011566647593022372
2020-01-07 00:00:00+00:00,-0.006150915329608421
2020-01-08 00:00:00+00:00,-0.004961014493550331
2020-01-09 00:00:00+00:00,-0.0034102568227902808
2020-01-10 00:00:00+00:00,-0.001109910683720869
2020-01-11 00:00:00+00:00,-0.0018609868389460689
2020-01-12 00:00:00+00:00,-0.0065610359310911736
2020-01-13 00:00:00+00:00,-0.008308880130577246
2020-01-14 00:00:00+00:00,-0.003801511262241225
2020-01-15 00:00:00+00:00,0.001008057231801942
2020-01-16 00:00:00+00:00,0.007235153737111634
2020-01-17 00:00:00+00:00,0.0067124376034116895
2020-01-18 00:00:00+00:00,0.006526596377123309
2020-01-19 00:00:00+00:00,0.002070446411090796
2020-01-20 00:00:00+00:00,-4.048670678817106e-05
2020-01-21 00:00:00+00:00,-5.845409706765745e-05
2020-01-22 00:00:00+00:00,-0.003112718801537371
2020-01-23 00:00:00+00:00,0.0030258144236613126
2020-01-24 00:00:00+00:00,0.0049416845121302705
2020-01-25 00:00:00+00:00,-0.0007529813032142172
2020-01-26 00:00:00+00:00,-0.0014131130901152494
2020-01-27 00:00:00+00:00,-0.0007656877435731841
2020-01-28 00:00:00+00:00,0.002914955868058693
2020-01-29 00:00:00+00:00,8.562732623962466e-05
2020-01-30 00:00:00+00:00,-0.002888580826515797
2020-01-31 00:00:00+00:00,-0.0038912230993819164
2020-02-01 00:00:00+00:00,-0.0010697922468741823
2020-02-02 00:00:00+00:00,-0.008438534325457034
2020-02-03 00:00:00+00:00,-0.006626240129658945
2020-02-04 00:00:00+00:00,-0.00048685289975473076
2020-02-05 00:00:00+00:00,-0.0015385578105120887
2020-02-06 00:00:00+00:00,-0.005036018288484042
2020-02-07 00:00:00+00:00,-0.0023310937926946675
2020-02-08 00:00:00+00:00,0.0011965316706532042
2020-02-09 00:00:00+00:00,-0.00014648616024164437
2020-02-10 00:00:00+00:00,-0.00047927578247648127
2020-02-11 00:00:00+00:00,-0.0023014011616564354
2020-02-12 00:00:00+00:00,0.009071059762795139
2020-02-13 00:00:00+00:00,0.010119052159093197
2020-02-14 00:00:00+00:00,0.010435926155953344
2020-02-15 00:00:00+00:00,-0.005441042424496107
2020-02-16 00:00:00+00:00,-0.00900613493870149
2020-02-17 00:00:00+00:00,-0.0055130168554407225
2020-02-18 00:00:00+00:00,0.004233806744757065
2020-02-19 00:00:00+00:00,0.004539684848918523
2020-02-20 00:00:00+00:00,0.010112765905953607
2020-02-21 00:00:00+00:00,0.0032237840584865523
2020-02-22 00:00:00+00:00,-0.002559611747420242
2020-02-23 00:00:00+00:00,-0.00771017017261689
2020-02-24 00:00:00+00:00,-0.0075744624154149365
2020-02-25 00:00:00+00:00,-0.001943114773175114
2020-02-26 00:00:00+00:00,0.009125798196588772
2020-02-27 00:00:00+00:00,0.016028262327888884
2020-02-28 00:00:00+00:00,0.017925371958501045
2020-02-29 00:00:00+00:00,0.019889393171263273
2020-03-01 00:00:00+00:00,0.014128061252590675
2020-03-02 00:00:00+00:00,0.012256929564667668
2020-03-03 00:00:00+00:00,0.009029690844700056
2020-03-04 00:00:00+00:00,0.006771959866852724
2020-03-05 00:00:00+00:00,0.005881616375050965
2020-03-06 00:00:00+00:00,0.008211676413275191
2020-03-07 00:00:00+00:00,0.011138391823306207
2020-03-08 00:00:00+00:00,-0.0017560635517502635
2020-03-09 00:00:00+00:00,-0.001922281662645746
2020-03-10 00:00:00+00:00,0.004497256784673068
2020-03-11 00:00:00+00:00,0.010881909792726754
2020-03-12 00:00:00+00:00,0.011396580159176764
2020-03-13 00:00:00+00:00,0.01099804837463823
2020-03-14 00:00:00+00:00,0.010444846575987599
2020-03-15 00:00:00+00:00,0.001804335609270632
2020-03-16 00:00:00+00:00,0.0015191207988322253
2020-03-17 00:00:00+00:00,0.007899632650503823
2020-03-18 00:00:00+00:00,0.015921925882731884
2020-03-19 00:00:00+00:00,0.02909550224868244
2020-03-20 00:00:00+00:00,0.031291848396735725
2020-03-21 00:00:00+00:00,0.028192320752865076
2020-03-22 00:00:00+00:00,0.014765195962308901
2020-03-23 00:00:00+00:00,0.010787468227317893
2020-03-24 00:00:00+00:00,0.022907956026459356
2020-03-25 00:00:00+00:00,0.02680401143218129
2020-03-26 00:00:00+00:00,0.029151790763119884
2020-03-27 00:00:00+00:00,0.03810347465573311
2020-03-28 00:00:00+00:00,0.050374307572275956
2020-03-29 00:00:00+00:00,0.030010390617195775
2020-03-30 00:00:00+00:00,0.022167136189610068
2020-03-31 00:00:00+00:00,0.023284228904865846
2020-04-01 00:00:00+00:00,0.026599432714503903
2020-04-02 00:00:00+00:00,0.032861989631326964
2020-04-03 00:00:00+00:00,0.02868900907892318
2020-04-04 00:00:00+00:00,0.02599319546026313
2020-04-05 00:00:00+00:00,0.016787943171102677
2020-04-06 00:00:00+00:00,0.01348741089530021
2020-04-07 00:00:00+00:00,0.019614301571414628
2020-04-08 00:00:00+00:00,0.02455205060485658
2020-04-09 00:00:00+00:00,0.02807222075220693
2020-04-10 00:00:00+00:00,0.04097858031370167
2020-04-11 00:00:00+00:00,0.02844954608357455
2020-04-12 00:00:00+00:00,0.01868481004548285
2020-04-13 00:00:00+00:00,0.02218265960256123
2020-04-14 00:00:00+00:00,0.017408467342852025
2020-04-15 00:00:00+00:00,0.032737789574462654
2020-04-16 00:00:00+00:00,0.04177514443884779
2020-04-17 00:00:00+00:00,0.03382204041184688
2020-04-18 00:00:00+00:00,0.022601793619048554
2020-04-19 00:00:00+00:00,0.012305424044806005
2020-04-20 00:00:00+00:00,0.007991100786507202
2020-04-21 00:00:00+00:00,0.020831165760707013
2020-04-22 00:00:00+00:00,0.024016160141152324
2020-04-23 00:00:00+00:00,0.03415592108642498
2020-04-24 00:00:00+00:00,0.034809088715426005
2020-04-25 00:00:00+00:00,0.020520893151726022
2020-04-26 00:00:00+00:00,0.018912037234047534
2020-04-27 00:00:00+00:00,0.015301527139331078
2020-04-28 00:00:00+00:00,0.014914060897606609
2020-04-29 00:00:00+00:00,0.016691867547997084
2020-04-30 00:00:00+00:00,0.021285939059794784
2020-05-01 00:00:00+00:00,0.02196672287460458
2020-05-02 00:00:00+00:00,0.02261339220614409
2020-05-03 00:00:00+00:00,0.015501503789974232
2020-05-04 00:00:00+00:00,0.01304680655069093
2020-05-05 00:00:00+00:00,0.018318625588835933
2020-05-06 00:00:00+00:00,0.01718442960654358
2020-05-07 00:00:00+00:00,0.01759211079637243
2020-05-08 00:00:00+00:00,0.01619906396142797
2020-05-09 00:00:00+00:00,0.008074144854592917
2020-05-10 00:00:00+00:00,0.0038768536212888927
2020-05-11 00:00:00+00:00,0.006746809763866938
2020-05-12 00:00:00+00:00,0.02351111521324446
2020-05-13 00:00:00+00:00,0.029375768891796366
2020-05-14 00:00:00+00:00,0.021894260508875853
2020-05-15 00:00:00+00:00,0.02747169011094582
2020-05-16 00:00:00+00:00,0.03148253762080182
2020-05-17 00:00:00+00:00,0.01821022416905459
2020-05-18 00:00:00+00:00,0.01133550319539853
2020-05-19 00:00:00+00:00,0.04390555391930714
2020-05-20 00:00:00+00:00,0.028634246512939554
2020-05-21 00:00:00+00:00,0.018593089568657954
2020-05-22 00:00:00+00:00,0.017790434334678622
2020-05-23 00:00:00+00:00,0.015611932669482532
2020-05-24 00:00:00+00:00,0.012896971796344487
2020-05-25 00:00:00+00:00,0.019825769127191306
2020-05-26 00:00:00+00:00,0.021305445649613536
2020-05-27 00:00:00+00:00,0.028577713534023205
2020-05-28 00:00:00+00:00,0.023805489412515233
2020-05-29 00:00:00+00:00,0.021012710700775452
2020-05-30 00:00:00+00:00,0.017206329303986308
2020-05-31 00:00:00+00:00,0.0075305371924361915
2020-06-01 00:00:00+00:00,0.003141214237057833
2020-06-02 00:00:00+00:00,0.009709098034205286
2020-06-03 00:00:00+00:00,0.012790862651017944
2020-06-04 00:00:00+00:00,0.014729044852504012
2020-06-05 00:00:00+00:00,0.025536819855314297
2020-06-06 00:00:00+00:00,0.015255361868063987
2020-06-07 00:00:00+00:00,0.005351026647622733
2020-06-08 00:00:00+00:00,0.0029692868457608626
2020-06-09 00:00:00+00:00,0.010260874914625509
2020-06-10 00:00:00+00:00,0.016241430869579333
2020-06-11 00:00:00+00:00,0.021417116662692907
2020-06-12 00:00:00+00:00,0.0251337495776888
2020-06-13 00:00:00+00:00,0.01836330779388715
2020-06-14 00:00:00+00:00,0.005886788666817485
2020-06-15 00:00:00+00:00,0.010867121725543029
2020-06-16 00:00:00+00:00,0.018254050051337425
2020-06-17 00:00:00+00:00,0.027748759730771563
2020-06-18 00:00:00+00:00,0.03564641004052765
2020-06-19 00:00:00+00:00,0.02583475127115716
2020-06-20 00:00:00+00:00,0.017308489891069742
2020-06-21 00:00:00+00:00,0.006040734597898544
2020-06-22 00:00:00+00:00,0.0056349049389354585
2020-06-23 00:00:00+00:00,0.014166531705694282
2020-06-24 00:00:00+00:00,0.005391358834206398
2020-06-25 00:00:00+00:00,0.03148246606089763
2020-06-26 00:00:00+00:00,0.05013133608107536
