Date,Users,In-Game
2017-11-13 00:00:00+00:00,14054902.0,3948383.0
2017-11-14 00:00:00+00:00,13983638.0,5007635.0
2017-11-15 00:00:00+00:00,14048277.0,5063418.0
2017-11-16 00:00:00+00:00,13762149.0,5042709.0
2017-11-17 00:00:00+00:00,15128594.0,5738598.0
2017-11-18 00:00:00+00:00,16900228.0,6475296.0
2017-11-19 00:00:00+00:00,16937978.0,6353601.0
2017-11-20 00:00:00+00:00,14295285.0,5240794.0
2017-11-21 00:00:00+00:00,14246360.0,5207548.0
2017-11-22 00:00:00+00:00,14437698.0,5223159.0
2017-11-23 00:00:00+00:00,14935840.0,5387170.0
2017-11-24 00:00:00+00:00,15827717.0,6000377.0
2017-11-25 00:00:00+00:00,17683804.0,6882012.0
2017-11-26 00:00:00+00:00,17557288.0,6712582.0
2017-11-27 00:00:00+00:00,14841437.0,5451576.0
2017-11-28 00:00:00+00:00,14773494.0,5440073.0
2017-11-29 00:00:00+00:00,14856692.0,5473424.0
2017-11-30 00:00:00+00:00,14673642.0,5401411.0
2017-12-01 00:00:00+00:00,15708161.0,5937135.0
2017-12-02 00:00:00+00:00,17426258.0,6755151.0
2017-12-03 00:00:00+00:00,17376723.0,6571456.0
2017-12-04 00:00:00+00:00,14563576.0,5416001.0
2017-12-05 00:00:00+00:00,14621952.0,5422679.0
2017-12-06 00:00:00+00:00,14824705.0,5433960.0
2017-12-07 00:00:00+00:00,14708472.0,5441327.0
2017-12-08 00:00:00+00:00,15931016.0,6120546.0
2017-12-09 00:00:00+00:00,17556076.0,6838554.0
2017-12-10 00:00:00+00:00,17474793.0,6648951.0
2017-12-11 00:00:00+00:00,14881961.0,5514444.0
2017-12-12 00:00:00+00:00,14867419.0,5483529.0
2017-12-13 00:00:00+00:00,14698503.0,5425233.0
2017-12-14 00:00:00+00:00,14417251.0,5418056.0
2017-12-15 00:00:00+00:00,15779358.0,6007660.0
2017-12-16 00:00:00+00:00,17327438.0,6812615.0
2017-12-17 00:00:00+00:00,17486354.0,6640563.0
2017-12-18 00:00:00+00:00,15082331.0,5662496.0
2017-12-19 00:00:00+00:00,15219325.0,5693237.0
2017-12-20 00:00:00+00:00,15464380.0,5631702.0
2017-12-21 00:00:00+00:00,16095221.0,4925985.0
2017-12-22 00:00:00+00:00,16862061.0,6096944.0
2017-12-23 00:00:00+00:00,17599434.0,6671059.0
2017-12-24 00:00:00+00:00,17083003.0,6395923.0
2017-12-25 00:00:00+00:00,16223476.0,6085418.0
2017-12-26 00:00:00+00:00,16848185.0,6561610.0
2017-12-27 00:00:00+00:00,17120678.0,6665239.0
2017-12-28 00:00:00+00:00,17180055.0,6607113.0
2017-12-29 00:00:00+00:00,17682517.0,6956073.0
2017-12-30 00:00:00+00:00,17991009.0,7028602.0
2017-12-31 00:00:00+00:00,17537133.0,6649441.0
2018-01-01 00:00:00+00:00,16898262.0,6414857.0
2018-01-02 00:00:00+00:00,17282322.0,6586227.0
2018-01-03 00:00:00+00:00,17047606.0,6411751.0
2018-01-04 00:00:00+00:00,16980204.0,6394001.0
2018-01-05 00:00:00+00:00,17556811.0,6740847.0
2018-01-06 00:00:00+00:00,18522222.0,7188164.0
2018-01-07 00:00:00+00:00,18359001.0,7028002.0
2018-01-08 00:00:00+00:00,16270567.0,6089603.0
2018-01-09 00:00:00+00:00,15628891.0,5895694.0
2018-01-10 00:00:00+00:00,15702665.0,5660343.0
2018-01-11 00:00:00+00:00,15867730.0,5468656.0
2018-01-12 00:00:00+00:00,16771920.0,6315720.0
2018-01-13 00:00:00+00:00,18498133.0,5362850.0
2018-01-14 00:00:00+00:00,18537490.0,5569825.0
2018-01-15 00:00:00+00:00,16090032.0,5941780.0
2018-01-16 00:00:00+00:00,15898412.0,5872228.0
2018-01-17 00:00:00+00:00,16082308.0,5814506.0
2018-01-18 00:00:00+00:00,15965615.0,5824175.0
2018-01-19 00:00:00+00:00,16572493.0,6182803.0
2018-01-20 00:00:00+00:00,18370902.0,6989135.0
2018-01-21 00:00:00+00:00,18488373.0,6941162.0
2018-01-22 00:00:00+00:00,15884436.0,5875671.0
2018-01-23 00:00:00+00:00,15954797.0,5845803.0
2018-01-24 00:00:00+00:00,16047638.0,5805285.0
2018-01-25 00:00:00+00:00,15939842.0,5678747.0
2018-01-26 00:00:00+00:00,16656469.0,6165339.0
2018-01-27 00:00:00+00:00,18393450.0,6955226.0
2018-01-28 00:00:00+00:00,18534775.0,6922461.0
2018-01-29 00:00:00+00:00,15913101.0,5753209.0
2018-01-30 00:00:00+00:00,15718139.0,5740359.0
2018-01-31 00:00:00+00:00,15923189.0,5675558.0
2018-02-01 00:00:00+00:00,15735516.0,5534708.0
2018-02-02 00:00:00+00:00,16449964.0,5964726.0
2018-02-03 00:00:00+00:00,18227752.0,6777433.0
2018-02-04 00:00:00+00:00,18362183.0,6684285.0
2018-02-05 00:00:00+00:00,15706921.0,5600516.0
2018-02-06 00:00:00+00:00,15643794.0,5501651.0
2018-02-07 00:00:00+00:00,15656897.0,5346765.0
2018-02-08 00:00:00+00:00,15659252.0,5534793.0
2018-02-09 00:00:00+00:00,16145402.0,5621296.0
2018-02-10 00:00:00+00:00,17641819.0,6356021.0
2018-02-11 00:00:00+00:00,17921127.0,6470946.0
2018-02-12 00:00:00+00:00,15744170.0,5419769.0
2018-02-13 00:00:00+00:00,15610291.0,5315522.0
2018-02-14 00:00:00+00:00,15027070.0,4933125.0
2018-02-15 00:00:00+00:00,14868191.0,4530296.0
2018-02-16 00:00:00+00:00,15548604.0,5165707.0
2018-02-17 00:00:00+00:00,17186300.0,5967448.0
2018-02-18 00:00:00+00:00,17545333.0,6203097.0
2018-02-19 00:00:00+00:00,15939301.0,5234747.0
2018-02-20 00:00:00+00:00,15461822.0,5243163.0
2018-02-26 00:00:00+00:00,13230360.0,5384004.0
2018-02-27 00:00:00+00:00,15798576.0,5533162.0
2018-02-28 00:00:00+00:00,15979867.0,5542335.0
2018-03-01 00:00:00+00:00,15897929.0,5517196.0
2018-03-02 00:00:00+00:00,16611054.0,5849915.0
2018-03-03 00:00:00+00:00,18409073.0,6756884.0
2018-03-04 00:00:00+00:00,18274876.0,6492500.0
2018-03-05 00:00:00+00:00,15363302.0,5310502.0
2018-03-06 00:00:00+00:00,15299231.0,5275022.0
2018-03-07 00:00:00+00:00,15545418.0,5457946.0
2018-03-08 00:00:00+00:00,15596385.0,5444685.0
2018-03-09 00:00:00+00:00,16635570.0,5908516.0
2018-03-10 00:00:00+00:00,18232765.0,6573210.0
2018-03-11 00:00:00+00:00,18182265.0,6408952.0
2018-03-12 00:00:00+00:00,15172762.0,5115768.0
2018-03-13 00:00:00+00:00,15574782.0,4870728.0
2018-03-14 00:00:00+00:00,15287887.0,5177360.0
2018-03-15 00:00:00+00:00,15196605.0,5270710.0
2018-03-16 00:00:00+00:00,16370552.0,5861182.0
2018-03-17 00:00:00+00:00,18521247.0,6760211.0
2018-03-18 00:00:00+00:00,18427004.0,6537120.0
2018-03-19 00:00:00+00:00,15400281.0,5152424.0
2018-03-20 00:00:00+00:00,15199060.0,5080486.0
2018-03-21 00:00:00+00:00,15475369.0,5179809.0
2018-03-22 00:00:00+00:00,15060485.0,5056393.0
2018-03-23 00:00:00+00:00,15985612.0,5576407.0
2018-03-24 00:00:00+00:00,18060906.0,6494984.0
2018-03-25 00:00:00+00:00,17698330.0,6186754.0
2018-03-26 00:00:00+00:00,15688192.0,5250342.0
2018-03-27 00:00:00+00:00,15764870.0,5329456.0
2018-03-28 00:00:00+00:00,15845783.0,5343315.0
2018-03-29 00:00:00+00:00,16136399.0,5533765.0
2018-03-30 00:00:00+00:00,17358985.0,6152901.0
2018-03-31 00:00:00+00:00,17758027.0,6246078.0
2018-04-01 00:00:00+00:00,17200551.0,5929288.0
2018-04-02 00:00:00+00:00,16667262.0,5573687.0
2018-04-03 00:00:00+00:00,15695852.0,5162970.0
2018-04-04 00:00:00+00:00,16167763.0,5461538.0
2018-04-05 00:00:00+00:00,15772743.0,5287904.0
2018-04-06 00:00:00+00:00,16117968.0,5537297.0
2018-04-07 00:00:00+00:00,17006640.0,5857334.0
2018-04-08 00:00:00+00:00,17081994.0,5765634.0
2018-04-09 00:00:00+00:00,15050534.0,4877657.0
2018-04-10 00:00:00+00:00,15066125.0,4842319.0
2018-04-11 00:00:00+00:00,14846569.0,4779148.0
2018-04-12 00:00:00+00:00,14939714.0,4582421.0
2018-04-13 00:00:00+00:00,15895250.0,5354352.0
2018-04-14 00:00:00+00:00,17169148.0,5874702.0
2018-04-15 00:00:00+00:00,17191158.0,5730693.0
2018-04-16 00:00:00+00:00,14964481.0,4670767.0
2018-04-17 00:00:00+00:00,14780412.0,4627541.0
2018-04-18 00:00:00+00:00,14715610.0,4601504.0
2018-04-19 00:00:00+00:00,14752493.0,4595841.0
2018-04-20 00:00:00+00:00,15520214.0,5151480.0
2018-04-21 00:00:00+00:00,16957043.0,5739306.0
2018-04-22 00:00:00+00:00,17088980.0,5622942.0
2018-04-23 00:00:00+00:00,14879171.0,4657993.0
2018-04-24 00:00:00+00:00,14855713.0,4599026.0
2018-04-25 00:00:00+00:00,14802376.0,4640706.0
2018-04-26 00:00:00+00:00,14624869.0,4519600.0
2018-04-27 00:00:00+00:00,15063644.0,4633198.0
2018-04-28 00:00:00+00:00,16644160.0,5548270.0
2018-04-29 00:00:00+00:00,16862517.0,5535953.0
2018-04-30 00:00:00+00:00,15681066.0,5059921.0
2018-05-01 00:00:00+00:00,16244383.0,5143452.0
2018-05-02 00:00:00+00:00,14958076.0,4620009.0
2018-05-03 00:00:00+00:00,14926005.0,4249698.0
2018-05-04 00:00:00+00:00,15439349.0,5005713.0
2018-05-05 00:00:00+00:00,16765372.0,5552428.0
2018-05-06 00:00:00+00:00,16737172.0,5418698.0
2018-05-07 00:00:00+00:00,14843571.0,4569081.0
2018-05-08 00:00:00+00:00,14837817.0,4593464.0
2018-05-09 00:00:00+00:00,14616979.0,4646737.0
2018-05-10 00:00:00+00:00,15080316.0,4890038.0
2018-05-11 00:00:00+00:00,15235907.0,4984736.0
2018-05-12 00:00:00+00:00,16733502.0,5582922.0
2018-05-13 00:00:00+00:00,16683635.0,5326073.0
2018-05-14 00:00:00+00:00,14343847.0,4327276.0
2018-05-15 00:00:00+00:00,14316589.0,4275806.0
2018-05-16 00:00:00+00:00,14443515.0,4348054.0
2018-05-17 00:00:00+00:00,14313780.0,4302309.0
2018-05-18 00:00:00+00:00,15062650.0,4780659.0
2018-05-19 00:00:00+00:00,16402555.0,5494464.0
2018-05-20 00:00:00+00:00,16220687.0,5077560.0
2018-05-21 00:00:00+00:00,15183206.0,4666987.0
2018-05-22 00:00:00+00:00,14416455.0,4345405.0
2018-05-23 00:00:00+00:00,14354192.0,4313084.0
2018-05-24 00:00:00+00:00,14293392.0,4243466.0
2018-05-25 00:00:00+00:00,15106533.0,4734820.0
2018-05-26 00:00:00+00:00,16332502.0,5288849.0
2018-05-27 00:00:00+00:00,16393003.0,5088887.0
2018-05-28 00:00:00+00:00,15160932.0,4553387.0
2018-05-29 00:00:00+00:00,14636409.0,4382083.0
2018-05-30 00:00:00+00:00,14746872.0,4417979.0
2018-05-31 00:00:00+00:00,15220168.0,4526141.0
2018-06-01 00:00:00+00:00,15439436.0,4812094.0
2018-06-02 00:00:00+00:00,16263941.0,5285152.0
2018-06-03 00:00:00+00:00,16396883.0,5239703.0
2018-06-04 00:00:00+00:00,14554249.0,4438985.0
2018-06-05 00:00:00+00:00,14771834.0,4495110.0
2018-06-06 00:00:00+00:00,14763700.0,4439206.0
2018-06-07 00:00:00+00:00,14727014.0,4485378.0
2018-06-08 00:00:00+00:00,15580017.0,5026642.0
2018-06-09 00:00:00+00:00,16241763.0,5375491.0
2018-06-10 00:00:00+00:00,16536505.0,5359929.0
2018-06-11 00:00:00+00:00,14996176.0,4566032.0
2018-06-12 00:00:00+00:00,15205445.0,4661816.0
2018-06-13 00:00:00+00:00,14768575.0,4535654.0
2018-06-14 00:00:00+00:00,14592512.0,4503145.0
2018-06-15 00:00:00+00:00,15035654.0,4837604.0
2018-06-16 00:00:00+00:00,15845230.0,4954481.0
2018-06-17 00:00:00+00:00,16485999.0,5307842.0
2018-06-18 00:00:00+00:00,14781767.0,4403407.0
2018-06-19 00:00:00+00:00,14730939.0,4319627.0
2018-06-20 00:00:00+00:00,14711120.0,4316759.0
2018-06-21 00:00:00+00:00,14780119.0,4352707.0
2018-06-22 00:00:00+00:00,16320033.0,4848643.0
2018-06-23 00:00:00+00:00,17171992.0,5627170.0
2018-06-24 00:00:00+00:00,17227237.0,5496248.0
2018-06-25 00:00:00+00:00,15618619.0,4862297.0
2018-06-26 00:00:00+00:00,15462398.0,4816735.0
2018-06-27 00:00:00+00:00,15311429.0,4720888.0
2018-06-28 00:00:00+00:00,15221253.0,4514078.0
2018-06-29 00:00:00+00:00,15661795.0,4814310.0
2018-06-30 00:00:00+00:00,16083916.0,4984621.0
2018-07-01 00:00:00+00:00,16358317.0,5134961.0
2018-07-02 00:00:00+00:00,15168553.0,4574713.0
2018-07-03 00:00:00+00:00,15183198.0,4532748.0
2018-07-04 00:00:00+00:00,15347567.0,4648759.0
2018-07-05 00:00:00+00:00,15119432.0,4080787.0
2018-07-06 00:00:00+00:00,15142387.0,4662020.0
2018-07-07 00:00:00+00:00,15745660.0,4851914.0
2018-07-08 00:00:00+00:00,16003752.0,5116726.0
2018-07-09 00:00:00+00:00,14953840.0,4567921.0
2018-07-10 00:00:00+00:00,14937938.0,4530780.0
2018-07-11 00:00:00+00:00,14475209.0,4399643.0
2018-07-12 00:00:00+00:00,14350718.0,4272225.0
2018-07-13 00:00:00+00:00,14745492.0,4515857.0
2018-07-14 00:00:00+00:00,15134756.0,4649122.0
2018-07-15 00:00:00+00:00,15307449.0,4782499.0
2018-07-16 00:00:00+00:00,14518098.0,4310099.0
2018-07-17 00:00:00+00:00,14513249.0,4331723.0
2018-07-18 00:00:00+00:00,14411005.0,4299283.0
2018-07-19 00:00:00+00:00,14365854.0,4246805.0
2018-07-20 00:00:00+00:00,14691925.0,4499015.0
2018-07-21 00:00:00+00:00,15289839.0,4816224.0
2018-07-22 00:00:00+00:00,15506011.0,4872199.0
2018-07-23 00:00:00+00:00,14483116.0,4303722.0
2018-07-24 00:00:00+00:00,14482867.0,4361882.0
2018-07-25 00:00:00+00:00,14071190.0,4267291.0
2018-07-26 00:00:00+00:00,14092209.0,4303836.0
2018-07-27 00:00:00+00:00,14260709.0,4415843.0
2018-07-28 00:00:00+00:00,14783885.0,4656935.0
2018-07-29 00:00:00+00:00,15137636.0,4727089.0
2018-07-30 00:00:00+00:00,14381308.0,4372498.0
2018-07-31 00:00:00+00:00,14267029.0,4285711.0
2018-08-01 00:00:00+00:00,14057633.0,4217689.0
2018-08-02 00:00:00+00:00,13821118.0,4196026.0
2018-08-03 00:00:00+00:00,14217001.0,4385471.0
2018-08-04 00:00:00+00:00,14808985.0,4694352.0
2018-08-05 00:00:00+00:00,15096134.0,4747516.0
2018-08-06 00:00:00+00:00,14175305.0,4260760.0
2018-08-07 00:00:00+00:00,14101179.0,4196689.0
2018-08-08 00:00:00+00:00,14159114.0,4084732.0
2018-08-09 00:00:00+00:00,14217302.0,4197855.0
2018-08-10 00:00:00+00:00,14171188.0,3951624.0
2018-08-11 00:00:00+00:00,14989418.0,4713925.0
2018-08-12 00:00:00+00:00,15337756.0,4417847.0
2018-08-13 00:00:00+00:00,14331523.0,4384901.0
2018-08-14 00:00:00+00:00,14494444.0,3921993.0
2018-08-15 00:00:00+00:00,14241923.0,4132304.0
2018-08-16 00:00:00+00:00,13940623.0,2492645.0
2018-08-17 00:00:00+00:00,14201872.0,2538642.0
2018-08-18 00:00:00+00:00,15204816.0,4868667.0
2018-08-19 00:00:00+00:00,15570495.0,4969582.0
2018-08-20 00:00:00+00:00,14425611.0,4397637.0
2018-08-21 00:00:00+00:00,14221999.0,4305177.0
2018-08-22 00:00:00+00:00,14267750.0,4333482.0
2018-08-23 00:00:00+00:00,14574315.0,4460766.0
2018-08-24 00:00:00+00:00,14820409.0,4591836.0
2018-08-25 00:00:00+00:00,15761345.0,5032798.0
2018-08-26 00:00:00+00:00,16032027.0,5052835.0
2018-08-27 00:00:00+00:00,14841720.0,4455319.0
2018-08-28 00:00:00+00:00,14577030.0,4336919.0
2018-08-29 00:00:00+00:00,14393649.0,4319991.0
2018-08-30 00:00:00+00:00,14362543.0,4330011.0
2018-08-31 00:00:00+00:00,14919521.0,4556609.0
2018-09-01 00:00:00+00:00,15910942.0,4955392.0
2018-09-02 00:00:00+00:00,16052286.0,4981565.0
2018-09-03 00:00:00+00:00,14688709.0,4334206.0
2018-09-04 00:00:00+00:00,14038497.0,4087402.0
2018-09-05 00:00:00+00:00,14108452.0,4032899.0
2018-09-06 00:00:00+00:00,13910572.0,3990675.0
2018-09-07 00:00:00+00:00,14585975.0,4403925.0
2018-09-08 00:00:00+00:00,15976993.0,4868375.0
2018-09-09 00:00:00+00:00,16228637.0,4982757.0
2018-09-10 00:00:00+00:00,14119554.0,4042157.0
2018-09-11 00:00:00+00:00,14044830.0,4056168.0
2018-09-12 00:00:00+00:00,13923861.0,3995100.0
2018-09-13 00:00:00+00:00,13693904.0,4112656.0
2018-09-14 00:00:00+00:00,14517859.0,4482330.0
2018-09-15 00:00:00+00:00,16037434.0,5061274.0
2018-09-16 00:00:00+00:00,16265804.0,5046695.0
2018-09-17 00:00:00+00:00,13871686.0,4020247.0
2018-09-18 00:00:00+00:00,13734396.0,3867790.0
2018-09-19 00:00:00+00:00,13792322.0,3900257.0
2018-09-20 00:00:00+00:00,13856292.0,3924103.0
2018-09-21 00:00:00+00:00,14620418.0,4426940.0
2018-09-22 00:00:00+00:00,16087125.0,5012567.0
2018-09-23 00:00:00+00:00,16802771.0,5273072.0
2018-09-24 00:00:00+00:00,14117694.0,4056707.0
2018-09-25 00:00:00+00:00,14195275.0,4053716.0
2018-09-26 00:00:00+00:00,14060035.0,4004939.0
2018-09-27 00:00:00+00:00,14045976.0,3922092.0
2018-09-28 00:00:00+00:00,14327239.0,4149425.0
2018-09-29 00:00:00+00:00,15858699.0,4791747.0
2018-09-30 00:00:00+00:00,16634910.0,5059601.0
2018-10-01 00:00:00+00:00,14266298.0,3989471.0
2018-10-02 00:00:00+00:00,14215333.0,3996603.0
2018-10-03 00:00:00+00:00,14450448.0,4094340.0
2018-10-04 00:00:00+00:00,14127739.0,3949285.0
2018-10-05 00:00:00+00:00,14694088.0,4287663.0
2018-10-06 00:00:00+00:00,16112244.0,4971809.0
2018-10-07 00:00:00+00:00,16304864.0,4916657.0
2018-10-08 00:00:00+00:00,14303589.0,4020504.0
2018-10-09 00:00:00+00:00,13982023.0,3936650.0
2018-10-10 00:00:00+00:00,13581920.0,3763216.0
2018-10-11 00:00:00+00:00,13419538.0,3744483.0
2018-10-12 00:00:00+00:00,14256907.0,4239603.0
2018-10-13 00:00:00+00:00,15603902.0,4845094.0
2018-10-14 00:00:00+00:00,15871627.0,4694073.0
2018-10-15 00:00:00+00:00,13716388.0,3789349.0
2018-10-16 00:00:00+00:00,13429728.0,3694370.0
2018-10-17 00:00:00+00:00,13525176.0,3698574.0
2018-10-18 00:00:00+00:00,13570871.0,3698101.0
2018-10-19 00:00:00+00:00,14376832.0,4175403.0
2018-10-20 00:00:00+00:00,15990543.0,4928988.0
2018-10-21 00:00:00+00:00,16222171.0,4837555.0
2018-10-22 00:00:00+00:00,13970807.0,3859288.0
2018-10-23 00:00:00+00:00,13873841.0,3795685.0
2018-10-24 00:00:00+00:00,13976227.0,3814802.0
2018-10-25 00:00:00+00:00,13945106.0,3835062.0
2018-10-26 00:00:00+00:00,14771024.0,4236914.0
2018-10-27 00:00:00+00:00,16243315.0,4877855.0
2018-10-28 00:00:00+00:00,16212253.0,4765453.0
2018-10-29 00:00:00+00:00,13944254.0,3816097.0
2018-10-30 00:00:00+00:00,13978642.0,3790906.0
2018-10-31 00:00:00+00:00,13940576.0,3811397.0
2018-11-01 00:00:00+00:00,14496542.0,4023700.0
2018-11-02 00:00:00+00:00,14924266.0,4381979.0
2018-11-03 00:00:00+00:00,16118657.0,4782816.0
2018-11-04 00:00:00+00:00,16070967.0,4670058.0
2018-11-05 00:00:00+00:00,13629346.0,3654167.0
2018-11-06 00:00:00+00:00,13535628.0,3542185.0
2018-11-07 00:00:00+00:00,13470416.0,3523285.0
2018-11-08 00:00:00+00:00,13314730.0,3495285.0
2018-11-09 00:00:00+00:00,14139391.0,4038013.0
2018-11-10 00:00:00+00:00,16178997.0,4822246.0
2018-11-11 00:00:00+00:00,16158752.0,4696838.0
2018-11-12 00:00:00+00:00,13917142.0,3680314.0
2018-11-13 00:00:00+00:00,13339121.0,3529744.0
2018-11-14 00:00:00+00:00,13181742.0,3474373.0
2018-11-15 00:00:00+00:00,13190063.0,3555317.0
2018-11-16 00:00:00+00:00,14139505.0,3996165.0
2018-11-17 00:00:00+00:00,15936931.0,4711399.0
2018-11-18 00:00:00+00:00,16033390.0,4657739.0
2018-11-19 00:00:00+00:00,13843028.0,3588368.0
2018-11-20 00:00:00+00:00,13747707.0,3682323.0
2018-11-21 00:00:00+00:00,13815779.0,3656957.0
2018-11-22 00:00:00+00:00,14177886.0,3845094.0
2018-11-23 00:00:00+00:00,14877122.0,4159517.0
2018-11-24 00:00:00+00:00,16494360.0,4946036.0
2018-11-25 00:00:00+00:00,16607492.0,4888333.0
2018-11-26 00:00:00+00:00,14152745.0,3793390.0
2018-11-27 00:00:00+00:00,13992811.0,3757612.0
2018-11-28 00:00:00+00:00,13791232.0,3719830.0
2018-11-29 00:00:00+00:00,13728898.0,3739376.0
2018-11-30 00:00:00+00:00,14686463.0,4173583.0
2018-12-01 00:00:00+00:00,16371766.0,4935137.0
2018-12-02 00:00:00+00:00,16450588.0,4859159.0
2018-12-03 00:00:00+00:00,13853565.0,3702386.0
2018-12-04 00:00:00+00:00,13799615.0,3648298.0
2018-12-05 00:00:00+00:00,13832515.0,3684270.0
2018-12-06 00:00:00+00:00,13782278.0,3621498.0
2018-12-07 00:00:00+00:00,15227194.0,4293873.0
2018-12-08 00:00:00+00:00,16913969.0,5103845.0
2018-12-09 00:00:00+00:00,16903156.0,5033806.0
2018-12-10 00:00:00+00:00,14467876.0,3889808.0
2018-12-11 00:00:00+00:00,14264975.0,3827209.0
2018-12-12 00:00:00+00:00,14095192.0,3779770.0
2018-12-13 00:00:00+00:00,13831313.0,3759846.0
2018-12-14 00:00:00+00:00,14768223.0,4223134.0
2018-12-15 00:00:00+00:00,16497087.0,4935697.0
2018-12-16 00:00:00+00:00,16664337.0,4904289.0
2018-12-17 00:00:00+00:00,14316231.0,3844026.0
2018-12-18 00:00:00+00:00,14329948.0,3890689.0
2018-12-19 00:00:00+00:00,14791903.0,4165422.0
2018-12-20 00:00:00+00:00,14685628.0,4279036.0
2018-12-21 00:00:00+00:00,15738271.0,4710838.0
2018-12-22 00:00:00+00:00,16941351.0,5283540.0
2018-12-23 00:00:00+00:00,16909148.0,5325202.0
2018-12-24 00:00:00+00:00,15869406.0,4784527.0
2018-12-25 00:00:00+00:00,15339174.0,4634519.0
2018-12-26 00:00:00+00:00,15906318.0,4864137.0
2018-12-27 00:00:00+00:00,16081722.0,4905221.0
2018-12-28 00:00:00+00:00,16291364.0,5040480.0
2018-12-29 00:00:00+00:00,16859487.0,5349596.0
2018-12-30 00:00:00+00:00,16966739.0,5170949.0
2018-12-31 00:00:00+00:00,16379762.0,4986224.0
2019-01-01 00:00:00+00:00,16067952.0,4915125.0
2019-01-02 00:00:00+00:00,16124928.0,4838979.0
2019-01-03 00:00:00+00:00,15938390.0,4737719.0
2019-01-04 00:00:00+00:00,16473114.0,5088225.0
2019-01-05 00:00:00+00:00,17469182.0,5555946.0
2019-01-06 00:00:00+00:00,17258149.0,5339431.0
2019-01-07 00:00:00+00:00,15097281.0,4370055.0
2019-01-08 00:00:00+00:00,14979410.0,4289229.0
2019-01-09 00:00:00+00:00,14535801.0,4151915.0
2019-01-10 00:00:00+00:00,14325593.0,4110798.0
2019-01-11 00:00:00+00:00,15324609.0,4562003.0
2019-01-12 00:00:00+00:00,17187651.0,5395152.0
2019-01-13 00:00:00+00:00,17487415.0,5386556.0
2019-01-14 00:00:00+00:00,14762454.0,4184954.0
2019-01-15 00:00:00+00:00,14742039.0,4161621.0
2019-01-16 00:00:00+00:00,14776153.0,4130510.0
2019-01-17 00:00:00+00:00,14764840.0,4164142.0
2019-01-18 00:00:00+00:00,15393476.0,4493658.0
2019-01-19 00:00:00+00:00,17096523.0,5264010.0
2019-01-20 00:00:00+00:00,17437820.0,5307278.0
2019-01-21 00:00:00+00:00,15488530.0,4218341.0
2019-01-22 00:00:00+00:00,14847653.0,4141557.0
2019-01-23 00:00:00+00:00,15010747.0,4203240.0
2019-01-24 00:00:00+00:00,14864154.0,4107577.0
2019-01-25 00:00:00+00:00,15475471.0,4419933.0
2019-01-26 00:00:00+00:00,17207751.0,5259396.0
2019-01-27 00:00:00+00:00,17532448.0,5307336.0
2019-01-28 00:00:00+00:00,14998527.0,4174274.0
2019-01-29 00:00:00+00:00,14829931.0,4053959.0
2019-01-30 00:00:00+00:00,15187417.0,4224942.0
2019-01-31 00:00:00+00:00,15059077.0,4172959.0
2019-02-01 00:00:00+00:00,15424383.0,4377674.0
2019-02-02 00:00:00+00:00,16853645.0,5067583.0
2019-02-03 00:00:00+00:00,17077277.0,5138549.0
2019-02-04 00:00:00+00:00,14940058.0,3946270.0
2019-02-05 00:00:00+00:00,14808986.0,3899820.0
2019-02-06 00:00:00+00:00,14885692.0,3997976.0
2019-02-07 00:00:00+00:00,14814618.0,4027648.0
2019-02-08 00:00:00+00:00,15303154.0,4369933.0
2019-02-09 00:00:00+00:00,17128316.0,5155198.0
2019-02-10 00:00:00+00:00,17615173.0,5339890.0
2019-02-11 00:00:00+00:00,15000182.0,4260104.0
2019-02-12 00:00:00+00:00,14923380.0,4264569.0
2019-02-13 00:00:00+00:00,14844447.0,4198277.0
2019-02-14 00:00:00+00:00,14342494.0,4004771.0
2019-02-15 00:00:00+00:00,15289810.0,4462987.0
2019-02-16 00:00:00+00:00,16734374.0,5108990.0
2019-02-17 00:00:00+00:00,16997412.0,5142724.0
2019-02-20 00:00:00+00:00,14526285.0,2895211.0
2019-02-21 00:00:00+00:00,14401197.0,4108224.0
2019-02-22 00:00:00+00:00,15133751.0,4371942.0
2019-02-23 00:00:00+00:00,16716924.0,4984037.0
2019-02-24 00:00:00+00:00,16863976.0,5024046.0
2019-02-25 00:00:00+00:00,14296089.0,4009026.0
2019-02-26 00:00:00+00:00,14184269.0,3975871.0
2019-02-27 00:00:00+00:00,14278701.0,3868439.0
2019-02-28 00:00:00+00:00,14241756.0,3775705.0
2019-03-01 00:00:00+00:00,15138782.0,4349957.0
2019-03-02 00:00:00+00:00,16940967.0,5167849.0
2019-03-03 00:00:00+00:00,16867529.0,4987872.0
2019-03-04 00:00:00+00:00,14622413.0,4142735.0
2019-03-05 00:00:00+00:00,14510773.0,4131932.0
2019-03-06 00:00:00+00:00,14296723.0,4076587.0
2019-03-07 00:00:00+00:00,14307761.0,4096301.0
2019-03-08 00:00:00+00:00,15136550.0,4593102.0
2019-03-09 00:00:00+00:00,17084935.0,5427382.0
2019-03-10 00:00:00+00:00,17283096.0,5319220.0
2019-03-11 00:00:00+00:00,14372892.0,4121811.0
2019-03-12 00:00:00+00:00,14337751.0,4059401.0
2019-03-13 00:00:00+00:00,14241714.0,4067630.0
2019-03-14 00:00:00+00:00,14173812.0,4088947.0
2019-03-15 00:00:00+00:00,15119277.0,4570541.0
2019-03-16 00:00:00+00:00,17210439.0,5378405.0
2019-03-17 00:00:00+00:00,17153725.0,5215561.0
2019-03-18 00:00:00+00:00,14260181.0,4043782.0
2019-03-19 00:00:00+00:00,14222177.0,4055217.0
2019-03-20 00:00:00+00:00,14320671.0,3978348.0
2019-03-21 00:00:00+00:00,14262992.0,4021245.0
2019-03-22 00:00:00+00:00,15105139.0,4449594.0
2019-03-23 00:00:00+00:00,16844669.0,5225781.0
2019-03-24 00:00:00+00:00,17134921.0,5207114.0
2019-03-25 00:00:00+00:00,14492188.0,4115940.0
2019-03-26 00:00:00+00:00,14442461.0,4084587.0
2019-03-27 00:00:00+00:00,14493542.0,4101168.0
2019-03-28 00:00:00+00:00,14460769.0,4144249.0
2019-03-29 00:00:00+00:00,15177476.0,4501423.0
2019-03-30 00:00:00+00:00,16809747.0,5202934.0
2019-03-31 00:00:00+00:00,17122817.0,5204747.0
2019-04-01 00:00:00+00:00,14819252.0,4214449.0
2019-04-02 00:00:00+00:00,14585131.0,4059242.0
2019-04-03 00:00:00+00:00,14855335.0,4264261.0
2019-04-04 00:00:00+00:00,15029969.0,4398368.0
2019-04-05 00:00:00+00:00,15346490.0,4576061.0
2019-04-06 00:00:00+00:00,16585877.0,5100317.0
2019-04-07 00:00:00+00:00,17012794.0,5137617.0
2019-04-08 00:00:00+00:00,14870593.0,4243263.0
2019-04-09 00:00:00+00:00,14874894.0,4245062.0
2019-04-10 00:00:00+00:00,14754229.0,4188535.0
2019-04-11 00:00:00+00:00,14669725.0,4240822.0
2019-04-12 00:00:00+00:00,15418887.0,4630265.0
2019-04-13 00:00:00+00:00,16885742.0,5266796.0
2019-04-14 00:00:00+00:00,17125670.0,5223512.0
2019-04-15 00:00:00+00:00,14881731.0,4239179.0
2019-04-16 00:00:00+00:00,14818702.0,4176133.0
2019-04-17 00:00:00+00:00,14713595.0,4061683.0
2019-04-18 00:00:00+00:00,14653162.0,4141056.0
2019-04-19 00:00:00+00:00,15729483.0,4716398.0
2019-04-20 00:00:00+00:00,16108359.0,4911695.0
2019-04-21 00:00:00+00:00,15861978.0,4699669.0
2019-04-22 00:00:00+00:00,15473248.0,4439819.0
2019-04-23 00:00:00+00:00,14706956.0,4072672.0
2019-04-24 00:00:00+00:00,14402297.0,3915972.0
2019-04-25 00:00:00+00:00,14385939.0,3960530.0
2019-04-26 00:00:00+00:00,14943955.0,4267624.0
2019-04-27 00:00:00+00:00,16218156.0,4751265.0
2019-04-28 00:00:00+00:00,16684855.0,4926066.0
2019-04-29 00:00:00+00:00,14568916.0,3981336.0
2019-04-30 00:00:00+00:00,14897049.0,4228487.0
2019-05-01 00:00:00+00:00,15924481.0,4631688.0
2019-05-02 00:00:00+00:00,14697205.0,4196776.0
2019-05-03 00:00:00+00:00,15221032.0,4495495.0
2019-05-04 00:00:00+00:00,16393988.0,4943415.0
2019-05-05 00:00:00+00:00,16960333.0,5074638.0
2019-05-06 00:00:00+00:00,14853932.0,4150679.0
2019-05-07 00:00:00+00:00,14577700.0,4079960.0
2019-05-08 00:00:00+00:00,15015000.0,4338663.0
2019-05-09 00:00:00+00:00,14742417.0,4196780.0
2019-05-10 00:00:00+00:00,15373738.0,4507155.0
2019-05-11 00:00:00+00:00,16920996.0,5185843.0
2019-05-12 00:00:00+00:00,16978564.0,5060486.0
2019-05-13 00:00:00+00:00,14597507.0,4011072.0
2019-05-14 00:00:00+00:00,14622297.0,4052841.0
2019-05-15 00:00:00+00:00,14507167.0,4056104.0
2019-05-16 00:00:00+00:00,14245647.0,4039510.0
2019-05-17 00:00:00+00:00,14911356.0,4377059.0
2019-05-18 00:00:00+00:00,16459757.0,4992983.0
2019-05-19 00:00:00+00:00,16803252.0,5001676.0
2019-05-20 00:00:00+00:00,14560755.0,3984997.0
2019-05-21 00:00:00+00:00,14448750.0,4029346.0
2019-05-22 00:00:00+00:00,14650008.0,4030156.0
2019-05-23 00:00:00+00:00,14512962.0,4097585.0
2019-05-24 00:00:00+00:00,15024006.0,4434065.0
2019-05-25 00:00:00+00:00,16457738.0,5165144.0
2019-05-26 00:00:00+00:00,16667050.0,5182033.0
2019-05-27 00:00:00+00:00,15296020.0,4672524.0
2019-05-28 00:00:00+00:00,14785858.0,4414941.0
2019-05-29 00:00:00+00:00,14713340.0,4193601.0
2019-05-30 00:00:00+00:00,15289033.0,4444020.0
2019-05-31 00:00:00+00:00,15291794.0,4509498.0
2019-06-01 00:00:00+00:00,16110983.0,4873636.0
2019-06-02 00:00:00+00:00,16387381.0,4851811.0
2019-06-03 00:00:00+00:00,14601273.0,4107024.0
2019-06-04 00:00:00+00:00,14464902.0,4061996.0
2019-06-05 00:00:00+00:00,14576409.0,4096913.0
2019-06-06 00:00:00+00:00,14795867.0,4236346.0
2019-06-07 00:00:00+00:00,15008799.0,4346158.0
2019-06-08 00:00:00+00:00,16120389.0,4867779.0
2019-06-09 00:00:00+00:00,16356348.0,4853658.0
2019-06-10 00:00:00+00:00,15649221.0,4444323.0
2019-06-11 00:00:00+00:00,15015793.0,4247782.0
2019-06-12 00:00:00+00:00,14759428.0,4256713.0
2019-06-13 00:00:00+00:00,14537139.0,4219109.0
2019-06-14 00:00:00+00:00,14796149.0,4457269.0
2019-06-15 00:00:00+00:00,15829335.0,4958058.0
2019-06-16 00:00:00+00:00,16156910.0,4986386.0
2019-06-17 00:00:00+00:00,14660867.0,4263564.0
2019-06-18 00:00:00+00:00,14519264.0,4198489.0
2019-06-19 00:00:00+00:00,14603913.0,4217778.0
2019-06-20 00:00:00+00:00,15034264.0,4404379.0
2019-06-21 00:00:00+00:00,15187624.0,4579038.0
2019-06-22 00:00:00+00:00,16030082.0,4991958.0
2019-06-23 00:00:00+00:00,16318648.0,5020392.0
2019-06-24 00:00:00+00:00,14843762.0,4315824.0
2019-06-25 00:00:00+00:00,14835336.0,4282165.0
2019-06-26 00:00:00+00:00,15343852.0,4465716.0
2019-06-27 00:00:00+00:00,15229267.0,4484686.0
2019-06-28 00:00:00+00:00,15499898.0,4717399.0
2019-06-29 00:00:00+00:00,16201622.0,5115578.0
2019-06-30 00:00:00+00:00,16492721.0,5115064.0
2019-07-01 00:00:00+00:00,15383713.0,4594180.0
2019-07-02 00:00:00+00:00,15370348.0,4638463.0
2019-07-03 00:00:00+00:00,15292196.0,4591540.0
2019-07-04 00:00:00+00:00,15321697.0,4612873.0
2019-07-05 00:00:00+00:00,15446067.0,4771613.0
2019-07-06 00:00:00+00:00,16164556.0,5070850.0
2019-07-07 00:00:00+00:00,16531494.0,5241697.0
2019-07-08 00:00:00+00:00,15328609.0,4646820.0
2019-07-09 00:00:00+00:00,15317249.0,4610620.0
2019-07-10 00:00:00+00:00,14968554.0,4524405.0
2019-07-11 00:00:00+00:00,14766637.0,4470542.0
2019-07-12 00:00:00+00:00,14981866.0,4596386.0
2019-07-13 00:00:00+00:00,15680796.0,4916835.0
2019-07-14 00:00:00+00:00,16046689.0,5021674.0
2019-07-15 00:00:00+00:00,14859784.0,4397638.0
2019-07-16 00:00:00+00:00,14725575.0,4336930.0
2019-07-17 00:00:00+00:00,14326050.0,4247279.0
2019-07-18 00:00:00+00:00,14378885.0,4217806.0
2019-07-19 00:00:00+00:00,14662218.0,4359413.0
2019-07-20 00:00:00+00:00,15332112.0,4722979.0
2019-07-21 00:00:00+00:00,15674313.0,4794537.0
2019-07-22 00:00:00+00:00,14605410.0,4248521.0
2019-07-23 00:00:00+00:00,14519154.0,4259603.0
2019-07-24 00:00:00+00:00,14537105.0,4276349.0
2019-07-25 00:00:00+00:00,14461667.0,4292970.0
2019-07-26 00:00:00+00:00,14639117.0,4452858.0
2019-07-27 00:00:00+00:00,15336332.0,4776796.0
2019-07-28 00:00:00+00:00,15770222.0,4851691.0
2019-07-29 00:00:00+00:00,14746368.0,4350198.0
2019-07-30 00:00:00+00:00,14775750.0,4366667.0
2019-07-31 00:00:00+00:00,14716970.0,4303227.0
2019-08-01 00:00:00+00:00,14634838.0,4267191.0
2019-08-02 00:00:00+00:00,14784610.0,4460758.0
2019-08-03 00:00:00+00:00,15434279.0,4756579.0
2019-08-04 00:00:00+00:00,15765137.0,4829167.0
2019-08-05 00:00:00+00:00,14716065.0,4326171.0
2019-08-06 00:00:00+00:00,14714391.0,4300794.0
2019-08-07 00:00:00+00:00,14304685.0,4186968.0
2019-08-08 00:00:00+00:00,14419509.0,4252675.0
2019-08-09 00:00:00+00:00,14738366.0,4431721.0
2019-08-10 00:00:00+00:00,15488063.0,4809155.0
2019-08-11 00:00:00+00:00,15729947.0,4861924.0
2019-08-12 00:00:00+00:00,14739774.0,4355189.0
2019-08-13 00:00:00+00:00,14627716.0,4341302.0
2019-08-14 00:00:00+00:00,14483540.0,4356635.0
2019-08-15 00:00:00+00:00,14483507.0,4301722.0
2019-08-16 00:00:00+00:00,14598189.0,4427118.0
2019-08-17 00:00:00+00:00,15418339.0,4791494.0
2019-08-18 00:00:00+00:00,15852877.0,4923539.0
2019-08-19 00:00:00+00:00,14648965.0,4303990.0
2019-08-20 00:00:00+00:00,14580838.0,4233802.0
2019-08-21 00:00:00+00:00,14493751.0,4206216.0
2019-08-22 00:00:00+00:00,14392967.0,4152056.0
2019-08-23 00:00:00+00:00,14646667.0,4278659.0
2019-08-24 00:00:00+00:00,15570955.0,4761584.0
2019-08-25 00:00:00+00:00,15991266.0,4897141.0
2019-08-26 00:00:00+00:00,14851054.0,4330747.0
2019-08-27 00:00:00+00:00,14602673.0,4191667.0
2019-08-28 00:00:00+00:00,14546758.0,4125634.0
2019-08-29 00:00:00+00:00,14545309.0,4110479.0
2019-08-30 00:00:00+00:00,14982946.0,4335598.0
2019-08-31 00:00:00+00:00,15879182.0,4697707.0
2019-09-01 00:00:00+00:00,16095924.0,4731993.0
2019-09-02 00:00:00+00:00,14826260.0,4158538.0
2019-09-03 00:00:00+00:00,14220687.0,3898503.0
2019-09-04 00:00:00+00:00,14152771.0,3872362.0
2019-09-05 00:00:00+00:00,14057677.0,3800426.0
2019-09-06 00:00:00+00:00,14649866.0,4188365.0
2019-09-07 00:00:00+00:00,16276440.0,4856290.0
2019-09-08 00:00:00+00:00,16436372.0,4829841.0
2019-09-09 00:00:00+00:00,14276248.0,3907668.0
2019-09-10 00:00:00+00:00,14127637.0,3862137.0
2019-09-11 00:00:00+00:00,14184593.0,3845257.0
2019-09-12 00:00:00+00:00,14169294.0,4013979.0
2019-09-13 00:00:00+00:00,14266945.0,4153988.0
2019-09-14 00:00:00+00:00,15746972.0,4665079.0
2019-09-15 00:00:00+00:00,16217090.0,4742133.0
2019-09-16 00:00:00+00:00,13982082.0,3804451.0
2019-09-17 00:00:00+00:00,13777036.0,3794881.0
2019-09-18 00:00:00+00:00,13942365.0,3809181.0
2019-09-19 00:00:00+00:00,13892205.0,3787700.0
2019-09-20 00:00:00+00:00,14559736.0,4228142.0
2019-09-21 00:00:00+00:00,16197610.0,4815441.0
2019-09-22 00:00:00+00:00,16475314.0,4747224.0
2019-09-23 00:00:00+00:00,14026320.0,3795868.0
2019-09-24 00:00:00+00:00,13974943.0,3786183.0
2019-09-25 00:00:00+00:00,13862848.0,3745847.0
2019-09-26 00:00:00+00:00,13939438.0,3762897.0
2019-09-27 00:00:00+00:00,14549373.0,4135874.0
2019-09-28 00:00:00+00:00,16050082.0,4661433.0
2019-09-29 00:00:00+00:00,16543926.0,4832909.0
2019-09-30 00:00:00+00:00,14438222.0,3937633.0
2019-10-01 00:00:00+00:00,14279343.0,3817856.0
2019-10-02 00:00:00+00:00,14443649.0,3960694.0
2019-10-03 00:00:00+00:00,14349236.0,4039549.0
2019-10-04 00:00:00+00:00,14622487.0,4223854.0
2019-10-05 00:00:00+00:00,16092849.0,4857896.0
2019-10-06 00:00:00+00:00,16828846.0,5065579.0
2019-10-07 00:00:00+00:00,14046486.0,3851261.0
2019-10-08 00:00:00+00:00,14114969.0,3867172.0
2019-10-09 00:00:00+00:00,14186944.0,3908823.0
2019-10-10 00:00:00+00:00,13872900.0,3817488.0
2019-10-11 00:00:00+00:00,14479165.0,4161006.0
2019-10-12 00:00:00+00:00,16284096.0,4950281.0
2019-10-13 00:00:00+00:00,16500474.0,4881470.0
2019-10-14 00:00:00+00:00,14356751.0,3936842.0
2019-10-15 00:00:00+00:00,13983794.0,3660916.0
2019-10-16 00:00:00+00:00,13961716.0,3686587.0
2019-10-17 00:00:00+00:00,13823282.0,3707809.0
2019-10-18 00:00:00+00:00,14660918.0,4120634.0
2019-10-19 00:00:00+00:00,16350886.0,4798173.0
2019-10-20 00:00:00+00:00,16584078.0,4779901.0
2019-10-21 00:00:00+00:00,14168384.0,3811567.0
2019-10-22 00:00:00+00:00,14083985.0,3745705.0
2019-10-23 00:00:00+00:00,14266386.0,3838980.0
2019-10-24 00:00:00+00:00,14181248.0,3815291.0
2019-10-25 00:00:00+00:00,14898643.0,4179943.0
2019-10-26 00:00:00+00:00,16240785.0,4685074.0
2019-10-27 00:00:00+00:00,16372895.0,4630528.0
2019-10-28 00:00:00+00:00,14360403.0,3904506.0
2019-10-29 00:00:00+00:00,14241108.0,3706900.0
2019-10-30 00:00:00+00:00,14144052.0,3774584.0
2019-10-31 00:00:00+00:00,14191772.0,3892561.0
2019-11-01 00:00:00+00:00,15220148.0,4468865.0
2019-11-02 00:00:00+00:00,16498502.0,4877840.0
2019-11-03 00:00:00+00:00,16571017.0,4813322.0
2019-11-04 00:00:00+00:00,14071585.0,3979202.0
2019-11-05 00:00:00+00:00,13713278.0,3775487.0
2019-11-06 00:00:00+00:00,13753283.0,3730948.0
2019-11-07 00:00:00+00:00,13470414.0,3704207.0
2019-11-08 00:00:00+00:00,14314924.0,4211432.0
2019-11-09 00:00:00+00:00,16367266.0,5035035.0
2019-11-10 00:00:00+00:00,16474830.0,4563534.0
2019-11-11 00:00:00+00:00,14292825.0,3999435.0
2019-11-12 00:00:00+00:00,13711497.0,3796421.0
2019-11-13 00:00:00+00:00,13765837.0,3718036.0
2019-11-14 00:00:00+00:00,13558993.0,3668965.0
2019-11-15 00:00:00+00:00,14301433.0,4151676.0
2019-11-16 00:00:00+00:00,16185850.0,4882973.0
2019-11-17 00:00:00+00:00,16402824.0,4815992.0
2019-11-18 00:00:00+00:00,13714821.0,3817445.0
2019-11-19 00:00:00+00:00,13734375.0,3769762.0
2019-11-20 00:00:00+00:00,13960816.0,3790852.0
2019-11-21 00:00:00+00:00,13764649.0,3762368.0
2019-11-22 00:00:00+00:00,14428853.0,4084078.0
2019-11-23 00:00:00+00:00,16439220.0,5034054.0
2019-11-24 00:00:00+00:00,16569597.0,4897152.0
2019-11-25 00:00:00+00:00,13864550.0,3849246.0
2019-11-26 00:00:00+00:00,13801819.0,3747496.0
2019-11-27 00:00:00+00:00,14389346.0,4023032.0
2019-11-28 00:00:00+00:00,14438760.0,4047470.0
2019-11-29 00:00:00+00:00,15281879.0,4546497.0
2019-11-30 00:00:00+00:00,16974394.0,5252907.0
2019-12-01 00:00:00+00:00,17155417.0,5209955.0
2019-12-02 00:00:00+00:00,14527289.0,4089236.0
2019-12-03 00:00:00+00:00,14512255.0,4025364.0
2019-12-04 00:00:00+00:00,14520091.0,4091303.0
2019-12-05 00:00:00+00:00,14429683.0,4042126.0
2019-12-06 00:00:00+00:00,15153917.0,4573164.0
2019-12-07 00:00:00+00:00,16913469.0,5253194.0
2019-12-08 00:00:00+00:00,17125075.0,5152451.0
2019-12-09 00:00:00+00:00,14333935.0,4005103.0
2019-12-10 00:00:00+00:00,14332505.0,3925699.0
2019-12-11 00:00:00+00:00,14462142.0,4069336.0
2019-12-12 00:00:00+00:00,14157477.0,3913620.0
2019-12-13 00:00:00+00:00,15009438.0,4414083.0
2019-12-14 00:00:00+00:00,16971105.0,5224126.0
2019-12-15 00:00:00+00:00,17062715.0,5163103.0
2019-12-16 00:00:00+00:00,14512162.0,4043452.0
2019-12-17 00:00:00+00:00,14186186.0,3996723.0
2019-12-18 00:00:00+00:00,14511313.0,4113699.0
2019-12-19 00:00:00+00:00,14544525.0,4140549.0
2019-12-20 00:00:00+00:00,16018493.0,4904190.0
2019-12-21 00:00:00+00:00,17321493.0,5302348.0
2019-12-22 00:00:00+00:00,17490117.0,5395060.0
2019-12-23 00:00:00+00:00,16456480.0,4911175.0
2019-12-24 00:00:00+00:00,16152721.0,4865991.0
2019-12-25 00:00:00+00:00,15796538.0,4804296.0
2019-12-26 00:00:00+00:00,16320978.0,5053623.0
2019-12-27 00:00:00+00:00,17015702.0,5354137.0
2019-12-28 00:00:00+00:00,17577366.0,5666621.0
2019-12-29 00:00:00+00:00,17600742.0,5641295.0
2019-12-30 00:00:00+00:00,16776059.0,5213571.0
2019-12-31 00:00:00+00:00,17013516.0,5189395.0
2020-01-01 00:00:00+00:00,16861928.0,5203703.0
2020-01-02 00:00:00+00:00,17065226.0,5184720.0
2020-01-03 00:00:00+00:00,17324237.0,5448528.0
2020-01-04 00:00:00+00:00,17955645.0,5729658.0
2020-01-05 00:00:00+00:00,17836965.0,5553204.0
2020-01-06 00:00:00+00:00,16242436.0,4768819.0
2020-01-07 00:00:00+00:00,15538141.0,4489575.0
2020-01-08 00:00:00+00:00,15651517.0,4501156.0
2020-01-09 00:00:00+00:00,15344289.0,4379521.0
2020-01-10 00:00:00+00:00,16057358.0,4778763.0
2020-01-11 00:00:00+00:00,17800827.0,5577245.0
2020-01-12 00:00:00+00:00,18082679.0,5635138.0
2020-01-13 00:00:00+00:00,15151107.0,4240618.0
2020-01-14 00:00:00+00:00,15119149.0,4256120.0
2020-01-15 00:00:00+00:00,15090511.0,4245247.0
2020-01-16 00:00:00+00:00,14874444.0,4143800.0
2020-01-17 00:00:00+00:00,15466583.0,4499504.0
2020-01-18 00:00:00+00:00,17151545.0,5226609.0
2020-01-19 00:00:00+00:00,17681617.0,5395622.0
2020-01-20 00:00:00+00:00,15698995.0,4427709.0
2020-01-21 00:00:00+00:00,14811064.0,4199976.0
2020-01-22 00:00:00+00:00,15139858.0,4293973.0
2020-01-23 00:00:00+00:00,15009960.0,4257682.0
2020-01-24 00:00:00+00:00,15758746.0,4477416.0
2020-01-25 00:00:00+00:00,17357562.0,5333481.0
2020-01-26 00:00:00+00:00,18334908.0,5742563.0
2020-01-27 00:00:00+00:00,15856133.0,4659271.0
2020-01-28 00:00:00+00:00,15852949.0,4648905.0
2020-01-29 00:00:00+00:00,16082136.0,4783442.0
2020-01-30 00:00:00+00:00,15515407.0,4624876.0
2020-01-31 00:00:00+00:00,16513838.0,4996661.0
2020-02-01 00:00:00+00:00,18229426.0,5744660.0
2020-02-02 00:00:00+00:00,18801944.0,5956968.0
2020-02-03 00:00:00+00:00,15998574.0,4735403.0
2020-02-04 00:00:00+00:00,16119628.0,4715687.0
2020-02-05 00:00:00+00:00,16146300.0,4717687.0
2020-02-06 00:00:00+00:00,16073265.0,4764300.0
2020-02-07 00:00:00+00:00,16653522.0,5078430.0
2020-02-08 00:00:00+00:00,18476163.0,5868518.0
2020-02-09 00:00:00+00:00,19107803.0,6079346.0
2020-02-10 00:00:00+00:00,16379689.0,4864125.0
2020-02-11 00:00:00+00:00,16172538.0,4766942.0
2020-02-12 00:00:00+00:00,16311768.0,4795018.0
2020-02-13 00:00:00+00:00,15846983.0,4766286.0
2020-02-14 00:00:00+00:00,16274227.0,4954127.0
2020-02-15 00:00:00+00:00,18195332.0,5818960.0
2020-02-16 00:00:00+00:00,18784637.0,6006438.0
2020-02-17 00:00:00+00:00,16383808.0,4891700.0
2020-02-18 00:00:00+00:00,16121544.0,4750502.0
2020-02-19 00:00:00+00:00,16238997.0,4846427.0
2020-02-20 00:00:00+00:00,16241883.0,4787693.0
2020-02-21 00:00:00+00:00,16794019.0,5108887.0
2020-02-22 00:00:00+00:00,18346544.0,5770588.0
2020-02-23 00:00:00+00:00,18897883.0,5913126.0
2020-02-24 00:00:00+00:00,16801894.0,4974675.0
2020-02-25 00:00:00+00:00,16351439.0,4709505.0
2020-02-26 00:00:00+00:00,16449059.0,4744667.0
2020-02-27 00:00:00+00:00,16313389.0,4678411.0
2020-02-28 00:00:00+00:00,16957670.0,5107474.0
2020-02-29 00:00:00+00:00,18892097.0,5916547.0
2020-03-01 00:00:00+00:00,19238796.0,5975759.0
2020-03-02 00:00:00+00:00,16311251.0,4719244.0
2020-03-03 00:00:00+00:00,16298749.0,4675612.0
2020-03-04 00:00:00+00:00,16280554.0,4713766.0
2020-03-05 00:00:00+00:00,16106355.0,4670589.0
2020-03-06 00:00:00+00:00,16812399.0,5093298.0
2020-03-07 00:00:00+00:00,18740309.0,5895577.0
2020-03-08 00:00:00+00:00,19071497.0,5943472.0
2020-03-09 00:00:00+00:00,16701686.0,4875102.0
2020-03-10 00:00:00+00:00,16481311.0,4587442.0
2020-03-11 00:00:00+00:00,16742145.0,4749839.0
2020-03-12 00:00:00+00:00,16814366.0,4888209.0
2020-03-13 00:00:00+00:00,17804957.0,5362265.0
2020-03-14 00:00:00+00:00,19728294.0,6267991.0
2020-03-15 00:00:00+00:00,20313451.0,6395544.0
2020-03-16 00:00:00+00:00,19059854.0,5487638.0
2020-03-17 00:00:00+00:00,19749321.0,5628454.0
2020-03-18 00:00:00+00:00,20200769.0,5705771.0
2020-03-19 00:00:00+00:00,20676191.0,5831719.0
2020-03-20 00:00:00+00:00,21359817.0,6233758.0
2020-03-21 00:00:00+00:00,22379088.0,7023517.0
2020-03-22 00:00:00+00:00,22678529.0,7095128.0
2020-03-23 00:00:00+00:00,22218401.0,6161410.0
2020-03-24 00:00:00+00:00,22303418.0,6168326.0
2020-03-25 00:00:00+00:00,22326770.0,6146844.0
2020-03-26 00:00:00+00:00,22537692.0,6185454.0
2020-03-27 00:00:00+00:00,22391174.0,6362929.0
2020-03-28 00:00:00+00:00,22668547.0,6973848.0
2020-03-29 00:00:00+00:00,23434674.0,7248887.0
2020-03-30 00:00:00+00:00,23571959.0,6522751.0
2020-03-31 00:00:00+00:00,23635201.0,6564922.0
2020-04-01 00:00:00+00:00,23822540.0,6742396.0
2020-04-02 00:00:00+00:00,23836136.0,6684268.0
2020-04-03 00:00:00+00:00,24156193.0,7099461.0
2020-04-04 00:00:00+00:00,24535923.0,8171592.0
2020-04-05 00:00:00+00:00,23950718.0,7484357.0
2020-04-06 00:00:00+00:00,23500878.0,6640041.0
2020-04-07 00:00:00+00:00,23528451.0,6456119.0
2020-04-08 00:00:00+00:00,23287059.0,6436290.0
2020-04-09 00:00:00+00:00,23356608.0,6551717.0
2020-04-10 00:00:00+00:00,23733428.0,7088284.0
2020-04-11 00:00:00+00:00,23762792.0,7386720.0
2020-04-12 00:00:00+00:00,23653965.0,7294790.0
2020-04-13 00:00:00+00:00,24385319.0,7095876.0
2020-04-14 00:00:00+00:00,24038614.0,6547252.0
2020-04-15 00:00:00+00:00,23553455.0,6307467.0
2020-04-16 00:00:00+00:00,23154456.0,6282696.0
2020-04-17 00:00:00+00:00,23578913.0,6623460.0
2020-04-18 00:00:00+00:00,23549552.0,7236257.0
2020-04-19 00:00:00+00:00,23486390.0,7114871.0
2020-04-20 00:00:00+00:00,23472659.0,6273947.0
2020-04-21 00:00:00+00:00,23351839.0,6176044.0
2020-04-22 00:00:00+00:00,23256741.0,6169236.0
2020-04-23 00:00:00+00:00,23205080.0,6167214.0
2020-04-24 00:00:00+00:00,23666457.0,6567607.0
2020-04-25 00:00:00+00:00,23190930.0,6909976.0
2020-04-26 00:00:00+00:00,23315861.0,6935435.0
2020-04-27 00:00:00+00:00,23299170.0,6085159.0
2020-04-28 00:00:00+00:00,23575838.0,6145062.0
2020-04-29 00:00:00+00:00,23176198.0,6110546.0
2020-04-30 00:00:00+00:00,23388261.0,6271415.0
2020-05-01 00:00:00+00:00,23515387.0,6789794.0
2020-05-02 00:00:00+00:00,22938880.0,6832629.0
2020-05-03 00:00:00+00:00,23195518.0,6862591.0
2020-05-04 00:00:00+00:00,23190847.0,6098599.0
2020-05-05 00:00:00+00:00,23022032.0,5956324.0
2020-05-06 00:00:00+00:00,22735477.0,5831991.0
2020-05-07 00:00:00+00:00,22550368.0,5770705.0
2020-05-08 00:00:00+00:00,22555587.0,6071742.0
2020-05-09 00:00:00+00:00,22244391.0,6518556.0
2020-05-10 00:00:00+00:00,22408211.0,6549790.0
2020-05-11 00:00:00+00:00,22634316.0,5889098.0
2020-05-12 00:00:00+00:00,22565027.0,5749316.0
2020-05-13 00:00:00+00:00,22343861.0,5718905.0
2020-05-14 00:00:00+00:00,22245192.0,5708156.0
2020-05-15 00:00:00+00:00,22209434.0,5828379.0
2020-05-16 00:00:00+00:00,22022944.0,6262992.0
2020-05-17 00:00:00+00:00,22058462.0,6428343.0
2020-05-18 00:00:00+00:00,22097865.0,5737533.0
2020-05-19 00:00:00+00:00,22167798.0,5707198.0
2020-05-20 00:00:00+00:00,21819450.0,5605330.0
2020-05-21 00:00:00+00:00,21988293.0,5784362.0
2020-05-22 00:00:00+00:00,22218734.0,6076148.0
2020-05-23 00:00:00+00:00,22176005.0,6556052.0
2020-05-24 00:00:00+00:00,22174369.0,6520594.0
2020-05-25 00:00:00+00:00,21848531.0,5933338.0
2020-05-26 00:00:00+00:00,21998343.0,5708736.0
2020-05-27 00:00:00+00:00,21640576.0,5518109.0
2020-05-28 00:00:00+00:00,21710107.0,5629767.0
2020-05-29 00:00:00+00:00,21789832.0,5850707.0
2020-05-30 00:00:00+00:00,21414286.0,6183617.0
2020-05-31 00:00:00+00:00,21439721.0,6115518.0
2020-06-01 00:00:00+00:00,21634761.0,5686523.0
2020-06-02 00:00:00+00:00,20778496.0,5233738.0
2020-06-03 00:00:00+00:00,20758300.0,5209053.0
2020-06-04 00:00:00+00:00,20940855.0,5283804.0
2020-06-05 00:00:00+00:00,21367788.0,5637251.0
2020-06-06 00:00:00+00:00,20832686.0,5962898.0
2020-06-07 00:00:00+00:00,20929285.0,5930476.0
2020-06-08 00:00:00+00:00,20722048.0,5253278.0
2020-06-09 00:00:00+00:00,20633794.0,5209787.0
2020-06-10 00:00:00+00:00,20391841.0,5228384.0
2020-06-11 00:00:00+00:00,20378618.0,5325146.0
2020-06-12 00:00:00+00:00,20418635.0,5446077.0
